item_url,ts,platform,top_buy_avg,buy_count,top_sell_avg,sell_count,error
secura_dual_cestra,2025-08-14T09:05:26+00:00,pc,20.0,6.0,31.667,10.0,
creeping_bullseye,2025-08-14T09:05:27+00:00,pc,,0.0,3.667,54.0,
mutalist_alad_v_assassinate_key,2025-08-14T09:05:27+00:00,pc,2.0,1.0,9.0,5.0,
irradiating_disarm,2025-08-14T09:05:28+00:00,pc,,0.0,13.0,7.0,
antimatter_absorb,2025-08-14T09:05:29+00:00,pc,,0.0,10.0,18.0,
arcane_barrier,2025-08-14T09:05:29+00:00,pc,27.333,8.0,4.0,55.0,
arcane_ice,2025-08-14T09:05:30+00:00,pc,,0.0,2.667,15.0,
telos_boltor,2025-08-14T09:05:30+00:00,pc,10.5,2.0,23.0,8.0,
frost_prime_set,2025-08-14T09:05:31+00:00,pc,80.0,18.0,90.0,49.0,
catalyzer_link,2025-08-14T09:05:32+00:00,pc,,0.0,4.333,12.0,
targeting_subsystem,2025-08-14T09:05:33+00:00,pc,,0.0,10.333,12.0,
strun_wraith_receiver,2025-08-14T09:05:33+00:00,pc,8.5,2.0,20.0,1.0,
tectonic_fracture,2025-08-14T09:05:34+00:00,pc,,0.0,9.667,5.0,
mantis_set,2025-08-14T09:05:34+00:00,pc,5.0,1.0,14.667,18.0,
acid_shells,2025-08-14T09:05:36+00:00,pc,4.0,1.0,9.333,25.0,
nightwatch_napalm,2025-08-14T09:05:36+00:00,pc,,0.0,9.0,39.0,
quasar_drill,2025-08-14T09:05:37+00:00,pc,,0.0,23.333,3.0,
comet_blast,2025-08-14T09:05:37+00:00,pc,,0.0,5.333,13.0,
nebula_bore,2025-08-14T09:05:38+00:00,pc,,0.0,7.667,5.0,
kaszas_blade,2025-08-14T09:05:39+00:00,pc,,0.0,14.667,3.0,
velocitus_receiver,2025-08-14T09:05:39+00:00,pc,,0.0,9.0,6.0,
fluctus_barrel,2025-08-14T09:05:40+00:00,pc,,0.0,10.0,6.0,
fluctus_limbs,2025-08-14T09:05:41+00:00,pc,,0.0,11.667,6.0,
fluctus_stock,2025-08-14T09:05:41+00:00,pc,7.0,1.0,8.0,7.0,
decurion_barrel,2025-08-14T09:05:42+00:00,pc,,0.0,10.0,6.0,
hydroid_prime_set,2025-08-14T09:05:42+00:00,pc,88.667,17.0,99.667,39.0,
cleanse_corrupted,2025-08-14T09:05:43+00:00,pc,,0.0,31.333,7.0,
kappa_beacon,2025-08-14T09:05:44+00:00,pc,,0.0,56.667,3.0,
star_crimzian,2025-08-14T09:05:44+00:00,pc,,0.0,2.0,9.0,
virtuos_strike,2025-08-14T09:05:45+00:00,pc,12.333,3.0,5.0,11.0,
hunter_adrenaline,2025-08-14T09:05:46+00:00,pc,,0.0,4.333,32.0,
viper_wraith,2025-08-14T09:05:46+00:00,pc,,0.0,50.0,10.0,
orokin_derelict_plaza_scene,2025-08-14T09:05:47+00:00,pc,,0.0,100.0,2.0,
grineer_shipyards_manufactory_scene,2025-08-14T09:05:47+00:00,pc,10.0,1.0,,0.0,
infested_ship_bridge_scene,2025-08-14T09:05:48+00:00,pc,,0.0,,0.0,
lua_nursery_scene,2025-08-14T09:05:48+00:00,pc,,0.0,140.0,1.0,
corpus_gas_city_conduit_scene,2025-08-14T09:05:49+00:00,pc,33.0,1.0,,0.0,
grineer_settlement_reactor_scene,2025-08-14T09:05:49+00:00,pc,,0.0,73.0,2.0,
corpus_ice_planet_wreckage_scene,2025-08-14T09:05:50+00:00,pc,,0.0,,0.0,
eidolon_madurai_lens,2025-08-14T09:05:50+00:00,pc,,0.0,20.0,4.0,
eidolon_vazarin_lens,2025-08-14T09:05:51+00:00,pc,,0.0,19.333,5.0,
eidolon_unairu_lens,2025-08-14T09:05:51+00:00,pc,,0.0,15.0,8.0,
zephyr_prime_chassis_blueprint,2025-08-14T09:05:51+00:00,pc,2.0,1.0,6.333,18.0,
mycona_colony_scene,2025-08-14T09:05:52+00:00,pc,33.0,1.0,,0.0,
pax_soar,2025-08-14T09:05:53+00:00,pc,,0.0,14.333,9.0,
redeemer_prime_blade,2025-08-14T09:05:53+00:00,pc,1.0,2.0,4.667,10.0,
akjagara_prime_receiver,2025-08-14T09:05:54+00:00,pc,5.0,3.0,9.667,5.0,
kitgun_riven_mod_(veiled),2025-08-14T09:05:54+00:00,pc,,0.0,1.0,22.0,
spectrosiphon,2025-08-14T09:05:55+00:00,pc,,0.0,11.333,20.0,
wolf_sledge_head,2025-08-14T09:05:55+00:00,pc,,0.0,4.333,5.0,
secura_dual_cestra,2025-08-14T09:09:47+00:00,pc,20.0,6.0,33.333,10.0,
creeping_bullseye,2025-08-14T09:09:48+00:00,pc,,0.0,3.667,51.0,
mutalist_alad_v_assassinate_key,2025-08-14T09:09:48+00:00,pc,2.0,1.0,9.0,5.0,
irradiating_disarm,2025-08-14T09:09:49+00:00,pc,,0.0,12.333,8.0,
antimatter_absorb,2025-08-14T09:09:49+00:00,pc,,0.0,10.0,19.0,
arcane_barrier,2025-08-14T09:09:50+00:00,pc,27.333,8.0,4.0,53.0,
arcane_ice,2025-08-14T09:09:50+00:00,pc,,0.0,2.667,15.0,
telos_boltor,2025-08-14T09:09:51+00:00,pc,10.5,2.0,25.0,6.0,
frost_prime_set,2025-08-14T09:09:51+00:00,pc,80.0,16.0,90.0,50.0,
catalyzer_link,2025-08-14T09:09:53+00:00,pc,,0.0,4.333,12.0,
targeting_subsystem,2025-08-14T09:09:53+00:00,pc,,0.0,10.333,12.0,
strun_wraith_receiver,2025-08-14T09:09:54+00:00,pc,8.5,2.0,20.0,1.0,
tectonic_fracture,2025-08-14T09:09:54+00:00,pc,,0.0,9.667,5.0,
mantis_set,2025-08-14T09:09:55+00:00,pc,5.0,1.0,14.667,18.0,
acid_shells,2025-08-14T09:09:56+00:00,pc,4.0,1.0,9.333,25.0,
nightwatch_napalm,2025-08-14T09:09:56+00:00,pc,,0.0,9.0,39.0,
quasar_drill,2025-08-14T09:09:57+00:00,pc,,0.0,23.333,3.0,
comet_blast,2025-08-14T09:09:57+00:00,pc,,0.0,5.333,13.0,
nebula_bore,2025-08-14T09:09:58+00:00,pc,,0.0,7.667,5.0,
kaszas_blade,2025-08-14T09:09:59+00:00,pc,,0.0,10.667,5.0,
velocitus_receiver,2025-08-14T09:09:59+00:00,pc,,0.0,9.0,6.0,
fluctus_barrel,2025-08-14T09:10:00+00:00,pc,,0.0,9.333,7.0,
fluctus_limbs,2025-08-14T09:10:00+00:00,pc,,0.0,11.667,7.0,
fluctus_stock,2025-08-14T09:10:01+00:00,pc,7.0,1.0,8.0,8.0,
decurion_barrel,2025-08-14T09:10:01+00:00,pc,,0.0,10.0,7.0,
hydroid_prime_set,2025-08-14T09:10:02+00:00,pc,88.667,16.0,99.0,43.0,
cleanse_corrupted,2025-08-14T09:10:03+00:00,pc,,0.0,31.333,7.0,
kappa_beacon,2025-08-14T09:10:03+00:00,pc,,0.0,56.667,3.0,
star_crimzian,2025-08-14T09:10:04+00:00,pc,,0.0,2.0,9.0,
virtuos_strike,2025-08-14T09:10:04+00:00,pc,12.333,3.0,5.0,11.0,
hunter_adrenaline,2025-08-14T09:10:05+00:00,pc,,0.0,4.333,32.0,
viper_wraith,2025-08-14T09:10:06+00:00,pc,,0.0,50.0,10.0,
orokin_derelict_plaza_scene,2025-08-14T09:10:06+00:00,pc,,0.0,100.0,2.0,
grineer_shipyards_manufactory_scene,2025-08-14T09:10:07+00:00,pc,10.0,1.0,,0.0,
infested_ship_bridge_scene,2025-08-14T09:10:07+00:00,pc,,0.0,,0.0,
lua_nursery_scene,2025-08-14T09:10:08+00:00,pc,,0.0,97.5,2.0,
corpus_gas_city_conduit_scene,2025-08-14T09:10:08+00:00,pc,33.0,1.0,,0.0,
grineer_settlement_reactor_scene,2025-08-14T09:10:09+00:00,pc,,0.0,73.0,2.0,
corpus_ice_planet_wreckage_scene,2025-08-14T09:10:09+00:00,pc,,0.0,,0.0,
eidolon_madurai_lens,2025-08-14T09:10:10+00:00,pc,,0.0,20.0,4.0,
eidolon_vazarin_lens,2025-08-14T09:10:10+00:00,pc,,0.0,19.333,5.0,
eidolon_unairu_lens,2025-08-14T09:10:11+00:00,pc,,0.0,16.333,7.0,
zephyr_prime_chassis_blueprint,2025-08-14T09:10:11+00:00,pc,2.0,1.0,6.333,18.0,
mycona_colony_scene,2025-08-14T09:10:12+00:00,pc,33.0,1.0,,0.0,
pax_soar,2025-08-14T09:10:12+00:00,pc,,0.0,19.333,8.0,
redeemer_prime_blade,2025-08-14T09:10:13+00:00,pc,1.0,2.0,4.667,10.0,
akjagara_prime_receiver,2025-08-14T09:10:13+00:00,pc,5.0,4.0,9.667,5.0,
kitgun_riven_mod_(veiled),2025-08-14T09:10:14+00:00,pc,,0.0,1.0,22.0,
spectrosiphon,2025-08-14T09:10:14+00:00,pc,,0.0,11.333,20.0,
wolf_sledge_head,2025-08-14T09:10:15+00:00,pc,,0.0,4.333,4.0,
secura_dual_cestra,2025-08-14T09:15:22+00:00,pc,20.0,6.0,33.333,9.0,
creeping_bullseye,2025-08-14T09:15:23+00:00,pc,,0.0,3.667,48.0,
mutalist_alad_v_assassinate_key,2025-08-14T09:15:24+00:00,pc,2.0,1.0,9.667,4.0,
irradiating_disarm,2025-08-14T09:15:24+00:00,pc,,0.0,12.333,10.0,
antimatter_absorb,2025-08-14T09:15:25+00:00,pc,,0.0,10.0,18.0,
arcane_barrier,2025-08-14T09:15:25+00:00,pc,35.667,9.0,4.0,57.0,
arcane_ice,2025-08-14T09:15:26+00:00,pc,,0.0,2.667,15.0,
telos_boltor,2025-08-14T09:15:26+00:00,pc,10.5,2.0,58.0,4.0,
frost_prime_set,2025-08-14T09:15:27+00:00,pc,80.333,17.0,90.0,52.0,
catalyzer_link,2025-08-14T09:15:28+00:00,pc,,0.0,4.333,12.0,
targeting_subsystem,2025-08-14T09:15:29+00:00,pc,,0.0,10.333,12.0,
strun_wraith_receiver,2025-08-14T09:15:29+00:00,pc,8.5,2.0,17.5,2.0,
tectonic_fracture,2025-08-14T09:15:30+00:00,pc,,0.0,9.667,6.0,
mantis_set,2025-08-14T09:15:30+00:00,pc,5.0,1.0,14.667,18.0,
acid_shells,2025-08-14T09:15:32+00:00,pc,4.0,1.0,9.333,26.0,
nightwatch_napalm,2025-08-14T09:15:32+00:00,pc,,0.0,9.0,37.0,
quasar_drill,2025-08-14T09:15:33+00:00,pc,,0.0,10.0,4.0,
comet_blast,2025-08-14T09:15:33+00:00,pc,,0.0,5.333,13.0,
nebula_bore,2025-08-14T09:15:34+00:00,pc,,0.0,7.667,6.0,
kaszas_blade,2025-08-14T09:15:34+00:00,pc,,0.0,10.667,5.0,
velocitus_receiver,2025-08-14T09:15:35+00:00,pc,,0.0,9.0,6.0,
fluctus_barrel,2025-08-14T09:15:35+00:00,pc,,0.0,9.333,7.0,
fluctus_limbs,2025-08-14T09:15:36+00:00,pc,,0.0,11.667,6.0,
fluctus_stock,2025-08-14T09:15:36+00:00,pc,7.0,1.0,8.0,8.0,
decurion_barrel,2025-08-14T09:15:37+00:00,pc,,0.0,10.0,7.0,
hydroid_prime_set,2025-08-14T09:15:37+00:00,pc,88.667,17.0,98.667,43.0,
cleanse_corrupted,2025-08-14T09:15:38+00:00,pc,,0.0,31.333,7.0,
kappa_beacon,2025-08-14T09:15:39+00:00,pc,,0.0,56.667,3.0,
star_crimzian,2025-08-14T09:15:39+00:00,pc,,0.0,2.0,9.0,
virtuos_strike,2025-08-14T09:15:40+00:00,pc,13.333,4.0,5.0,12.0,
hunter_adrenaline,2025-08-14T09:15:40+00:00,pc,,0.0,4.333,33.0,
viper_wraith,2025-08-14T09:15:41+00:00,pc,,0.0,50.0,12.0,
orokin_derelict_plaza_scene,2025-08-14T09:15:42+00:00,pc,,0.0,100.0,2.0,
grineer_shipyards_manufactory_scene,2025-08-14T09:15:42+00:00,pc,10.0,1.0,,0.0,
infested_ship_bridge_scene,2025-08-14T09:15:43+00:00,pc,,0.0,,0.0,
lua_nursery_scene,2025-08-14T09:15:43+00:00,pc,,0.0,97.5,2.0,
corpus_gas_city_conduit_scene,2025-08-14T09:15:44+00:00,pc,33.0,1.0,,0.0,
grineer_settlement_reactor_scene,2025-08-14T09:15:44+00:00,pc,,0.0,72.0,3.0,
corpus_ice_planet_wreckage_scene,2025-08-14T09:15:45+00:00,pc,,0.0,,0.0,
eidolon_madurai_lens,2025-08-14T09:15:45+00:00,pc,,0.0,26.667,3.0,
eidolon_vazarin_lens,2025-08-14T09:15:46+00:00,pc,,0.0,19.333,5.0,
eidolon_unairu_lens,2025-08-14T09:15:46+00:00,pc,,0.0,16.333,7.0,
zephyr_prime_chassis_blueprint,2025-08-14T09:15:47+00:00,pc,2.0,1.0,6.333,18.0,
mycona_colony_scene,2025-08-14T09:15:47+00:00,pc,33.0,1.0,,0.0,
pax_soar,2025-08-14T09:15:48+00:00,pc,,0.0,14.333,9.0,
redeemer_prime_blade,2025-08-14T09:15:48+00:00,pc,1.0,2.0,4.667,10.0,
akjagara_prime_receiver,2025-08-14T09:15:49+00:00,pc,5.0,4.0,9.667,5.0,
kitgun_riven_mod_(veiled),2025-08-14T09:15:50+00:00,pc,,0.0,1.0,23.0,
spectrosiphon,2025-08-14T09:15:50+00:00,pc,,0.0,11.333,19.0,
wolf_sledge_head,2025-08-14T09:15:51+00:00,pc,,0.0,4.333,4.0,
secura_dual_cestra,2025-08-14T10:28:11+00:00,pc,20.0,4.0,38.333,11.0,
creeping_bullseye,2025-08-14T10:28:11+00:00,pc,,0.0,4.0,54.0,
mutalist_alad_v_assassinate_key,2025-08-14T10:28:12+00:00,pc,,0.0,9.0,7.0,
irradiating_disarm,2025-08-14T10:28:12+00:00,pc,,0.0,12.667,15.0,
antimatter_absorb,2025-08-14T10:28:13+00:00,pc,,0.0,10.0,21.0,
arcane_barrier,2025-08-14T10:28:14+00:00,pc,17.0,4.0,4.0,48.0,
arcane_ice,2025-08-14T10:28:14+00:00,pc,,0.0,4.0,12.0,
telos_boltor,2025-08-14T10:28:15+00:00,pc,17.0,7.0,35.0,6.0,
frost_prime_set,2025-08-14T10:28:15+00:00,pc,75.667,13.0,90.0,50.0,
catalyzer_link,2025-08-14T10:28:16+00:00,pc,1.0,1.0,4.333,11.0,
targeting_subsystem,2025-08-14T10:28:17+00:00,pc,,0.0,10.0,16.0,
strun_wraith_receiver,2025-08-14T10:28:18+00:00,pc,8.333,3.0,19.667,4.0,
tectonic_fracture,2025-08-14T10:28:18+00:00,pc,,0.0,9.667,13.0,
mantis_set,2025-08-14T10:28:19+00:00,pc,5.0,1.0,15.0,21.0,
acid_shells,2025-08-14T10:28:20+00:00,pc,4.5,2.0,9.667,31.0,
nightwatch_napalm,2025-08-14T10:28:20+00:00,pc,,0.0,9.0,33.0,
quasar_drill,2025-08-14T10:28:21+00:00,pc,,0.0,8.0,5.0,
comet_blast,2025-08-14T10:28:21+00:00,pc,,0.0,4.667,11.0,
nebula_bore,2025-08-14T10:28:22+00:00,pc,,0.0,6.0,6.0,
kaszas_blade,2025-08-14T10:28:22+00:00,pc,,0.0,11.333,8.0,
velocitus_receiver,2025-08-14T10:28:23+00:00,pc,,0.0,10.0,7.0,
fluctus_barrel,2025-08-14T10:28:23+00:00,pc,,0.0,10.0,8.0,
fluctus_limbs,2025-08-14T10:28:24+00:00,pc,,0.0,14.0,5.0,
fluctus_stock,2025-08-14T10:28:24+00:00,pc,7.0,1.0,7.333,8.0,
decurion_barrel,2025-08-14T10:28:25+00:00,pc,,0.0,10.0,3.0,
hydroid_prime_set,2025-08-14T10:28:25+00:00,pc,90.0,18.0,97.333,38.0,
cleanse_corrupted,2025-08-14T10:28:26+00:00,pc,,0.0,41.667,6.0,
kappa_beacon,2025-08-14T10:28:27+00:00,pc,,0.0,56.667,4.0,
star_crimzian,2025-08-14T10:28:27+00:00,pc,,0.0,1.667,9.0,
virtuos_strike,2025-08-14T10:28:28+00:00,pc,7.0,1.0,5.0,9.0,
hunter_adrenaline,2025-08-14T10:28:28+00:00,pc,,0.0,4.333,31.0,
viper_wraith,2025-08-14T10:28:29+00:00,pc,,0.0,50.0,14.0,
orokin_derelict_plaza_scene,2025-08-14T10:28:29+00:00,pc,,0.0,,0.0,
grineer_shipyards_manufactory_scene,2025-08-14T10:28:30+00:00,pc,10.5,2.0,150.0,1.0,
infested_ship_bridge_scene,2025-08-14T10:28:30+00:00,pc,11.0,1.0,50.0,1.0,
lua_nursery_scene,2025-08-14T10:28:31+00:00,pc,,0.0,97.5,2.0,
corpus_gas_city_conduit_scene,2025-08-14T10:28:31+00:00,pc,11.0,1.0,,0.0,
grineer_settlement_reactor_scene,2025-08-14T10:28:32+00:00,pc,11.0,1.0,88.0,1.0,
corpus_ice_planet_wreckage_scene,2025-08-14T10:28:32+00:00,pc,,0.0,,0.0,
eidolon_madurai_lens,2025-08-14T10:28:33+00:00,pc,,0.0,37.5,2.0,
eidolon_vazarin_lens,2025-08-14T10:28:33+00:00,pc,,0.0,16.667,6.0,
eidolon_unairu_lens,2025-08-14T10:28:34+00:00,pc,,0.0,14.333,10.0,
zephyr_prime_chassis_blueprint,2025-08-14T10:28:34+00:00,pc,2.0,2.0,6.0,20.0,
mycona_colony_scene,2025-08-14T10:28:35+00:00,pc,11.0,1.0,,0.0,
pax_soar,2025-08-14T10:28:35+00:00,pc,,0.0,7.0,10.0,
redeemer_prime_blade,2025-08-14T10:28:36+00:00,pc,1.5,2.0,4.333,13.0,
akjagara_prime_receiver,2025-08-14T10:28:37+00:00,pc,4.0,3.0,9.333,7.0,
kitgun_riven_mod_(veiled),2025-08-14T10:28:37+00:00,pc,1.0,1.0,1.0,33.0,
spectrosiphon,2025-08-14T10:28:38+00:00,pc,,0.0,11.0,22.0,
wolf_sledge_head,2025-08-14T10:28:38+00:00,pc,,0.0,6.0,4.0,
secura_dual_cestra,2025-08-14T10:50:30+00:00,pc,10.0,1.0,40.0,7.0,
creeping_bullseye,2025-08-14T10:50:30+00:00,pc,,0.0,4.0,56.0,
mutalist_alad_v_assassinate_key,2025-08-14T10:50:31+00:00,pc,,0.0,9.667,6.0,
irradiating_disarm,2025-08-14T10:50:31+00:00,pc,,0.0,12.667,11.0,
antimatter_absorb,2025-08-14T10:50:32+00:00,pc,,0.0,10.0,18.0,
arcane_barrier,2025-08-14T10:50:33+00:00,pc,31.667,5.0,4.0,49.0,
arcane_ice,2025-08-14T10:50:33+00:00,pc,,0.0,4.0,11.0,
telos_boltor,2025-08-14T10:50:34+00:00,pc,15.0,3.0,30.0,7.0,
frost_prime_set,2025-08-14T10:50:34+00:00,pc,79.0,17.0,90.0,49.0,
catalyzer_link,2025-08-14T10:50:35+00:00,pc,1.0,1.0,4.333,9.0,
targeting_subsystem,2025-08-14T10:50:36+00:00,pc,,0.0,10.0,15.0,
strun_wraith_receiver,2025-08-14T10:50:36+00:00,pc,9.0,2.0,19.667,4.0,
tectonic_fracture,2025-08-14T10:50:37+00:00,pc,,0.0,11.0,7.0,
mantis_set,2025-08-14T10:50:37+00:00,pc,5.0,1.0,14.667,24.0,
acid_shells,2025-08-14T10:50:38+00:00,pc,4.0,1.0,10.0,24.0,
nightwatch_napalm,2025-08-14T10:50:39+00:00,pc,,0.0,9.0,28.0,
quasar_drill,2025-08-14T10:50:40+00:00,pc,,0.0,6.0,8.0,
comet_blast,2025-08-14T10:50:40+00:00,pc,,0.0,4.667,13.0,
nebula_bore,2025-08-14T10:50:41+00:00,pc,,0.0,15.0,3.0,
kaszas_blade,2025-08-14T10:50:41+00:00,pc,,0.0,9.667,8.0,
velocitus_receiver,2025-08-14T10:50:41+00:00,pc,,0.0,11.667,5.0,
fluctus_barrel,2025-08-14T10:50:42+00:00,pc,,0.0,9.667,10.0,
fluctus_limbs,2025-08-14T10:50:42+00:00,pc,,0.0,14.0,4.0,
fluctus_stock,2025-08-14T10:50:43+00:00,pc,7.0,2.0,7.333,8.0,
decurion_barrel,2025-08-14T10:50:44+00:00,pc,,0.0,9.333,7.0,
hydroid_prime_set,2025-08-14T10:50:44+00:00,pc,93.0,18.0,99.333,35.0,
cleanse_corrupted,2025-08-14T10:50:45+00:00,pc,,0.0,33.0,7.0,
kappa_beacon,2025-08-14T10:50:46+00:00,pc,,0.0,56.667,4.0,
star_crimzian,2025-08-14T10:50:46+00:00,pc,,0.0,2.0,8.0,
virtuos_strike,2025-08-14T10:50:47+00:00,pc,,0.0,4.667,13.0,
hunter_adrenaline,2025-08-14T10:50:47+00:00,pc,,0.0,4.0,31.0,
viper_wraith,2025-08-14T10:50:48+00:00,pc,,0.0,48.667,17.0,
orokin_derelict_plaza_scene,2025-08-14T10:50:48+00:00,pc,,0.0,,0.0,
grineer_shipyards_manufactory_scene,2025-08-14T10:50:49+00:00,pc,10.5,2.0,150.0,1.0,
infested_ship_bridge_scene,2025-08-14T10:50:49+00:00,pc,11.0,1.0,50.0,1.0,
lua_nursery_scene,2025-08-14T10:50:50+00:00,pc,,0.0,140.0,1.0,
corpus_gas_city_conduit_scene,2025-08-14T10:50:50+00:00,pc,11.0,1.0,,0.0,
grineer_settlement_reactor_scene,2025-08-14T10:50:51+00:00,pc,11.0,1.0,88.0,1.0,
corpus_ice_planet_wreckage_scene,2025-08-14T10:50:52+00:00,pc,,0.0,,0.0,
eidolon_madurai_lens,2025-08-14T10:50:52+00:00,pc,,0.0,31.667,4.0,
eidolon_vazarin_lens,2025-08-14T10:50:52+00:00,pc,,0.0,20.0,5.0,
eidolon_unairu_lens,2025-08-14T10:50:53+00:00,pc,,0.0,14.333,11.0,
zephyr_prime_chassis_blueprint,2025-08-14T10:50:53+00:00,pc,2.0,1.0,6.0,20.0,
mycona_colony_scene,2025-08-14T10:50:54+00:00,pc,11.0,1.0,,0.0,
pax_soar,2025-08-14T10:50:54+00:00,pc,25.0,1.0,7.0,8.0,
redeemer_prime_blade,2025-08-14T10:50:55+00:00,pc,1.0,1.0,4.667,14.0,
akjagara_prime_receiver,2025-08-14T10:50:56+00:00,pc,5.0,1.0,9.333,6.0,
kitgun_riven_mod_(veiled),2025-08-14T10:50:56+00:00,pc,1.0,1.0,1.0,35.0,
spectrosiphon,2025-08-14T10:50:57+00:00,pc,,0.0,11.0,24.0,
wolf_sledge_head,2025-08-14T10:50:57+00:00,pc,,0.0,6.667,7.0,
secura_dual_cestra,2025-08-14T11:07:07+00:00,pc,10.0,3.0,40.0,8.0,
creeping_bullseye,2025-08-14T11:07:08+00:00,pc,,0.0,3.667,65.0,
mutalist_alad_v_assassinate_key,2025-08-14T11:07:09+00:00,pc,,0.0,10.667,5.0,
irradiating_disarm,2025-08-14T11:07:09+00:00,pc,,0.0,12.667,12.0,
antimatter_absorb,2025-08-14T11:07:10+00:00,pc,,0.0,10.0,15.0,
arcane_barrier,2025-08-14T11:07:10+00:00,pc,31.667,5.0,4.0,50.0,
arcane_ice,2025-08-14T11:07:11+00:00,pc,,0.0,3.333,13.0,
telos_boltor,2025-08-14T11:07:11+00:00,pc,15.667,4.0,32.667,6.0,
frost_prime_set,2025-08-14T11:07:12+00:00,pc,78.667,18.0,89.333,48.0,
catalyzer_link,2025-08-14T11:07:13+00:00,pc,1.0,1.0,4.0,12.0,
targeting_subsystem,2025-08-14T11:07:14+00:00,pc,,0.0,11.333,13.0,
strun_wraith_receiver,2025-08-14T11:07:14+00:00,pc,9.0,2.0,16.333,4.0,
tectonic_fracture,2025-08-14T11:07:15+00:00,pc,,0.0,12.667,7.0,
mantis_set,2025-08-14T11:07:15+00:00,pc,5.0,1.0,14.667,23.0,
acid_shells,2025-08-14T11:07:16+00:00,pc,4.5,2.0,10.0,23.0,
nightwatch_napalm,2025-08-14T11:07:17+00:00,pc,,0.0,9.0,29.0,
quasar_drill,2025-08-14T11:07:17+00:00,pc,,0.0,7.333,8.0,
comet_blast,2025-08-14T11:07:18+00:00,pc,,0.0,4.667,15.0,
nebula_bore,2025-08-14T11:07:18+00:00,pc,,0.0,8.0,7.0,
kaszas_blade,2025-08-14T11:07:19+00:00,pc,,0.0,9.667,11.0,
velocitus_receiver,2025-08-14T11:07:19+00:00,pc,,0.0,9.0,10.0,
fluctus_barrel,2025-08-14T11:07:20+00:00,pc,,0.0,9.667,9.0,
fluctus_limbs,2025-08-14T11:07:20+00:00,pc,,0.0,16.667,4.0,
fluctus_stock,2025-08-14T11:07:21+00:00,pc,7.0,1.0,7.333,12.0,
decurion_barrel,2025-08-14T11:07:21+00:00,pc,,0.0,9.333,7.0,
hydroid_prime_set,2025-08-14T11:07:22+00:00,pc,90.0,18.0,99.667,40.0,
cleanse_corrupted,2025-08-14T11:07:23+00:00,pc,,0.0,33.0,6.0,
kappa_beacon,2025-08-14T11:07:24+00:00,pc,,0.0,200.0,3.0,
star_crimzian,2025-08-14T11:07:24+00:00,pc,,0.0,2.0,9.0,
virtuos_strike,2025-08-14T11:07:24+00:00,pc,,0.0,4.667,12.0,
hunter_adrenaline,2025-08-14T11:07:25+00:00,pc,,0.0,4.0,31.0,
viper_wraith,2025-08-14T11:07:26+00:00,pc,,0.0,48.667,16.0,
orokin_derelict_plaza_scene,2025-08-14T11:07:26+00:00,pc,,0.0,,0.0,
grineer_shipyards_manufactory_scene,2025-08-14T11:07:27+00:00,pc,10.5,2.0,150.0,1.0,
infested_ship_bridge_scene,2025-08-14T11:07:27+00:00,pc,11.0,1.0,50.0,1.0,
lua_nursery_scene,2025-08-14T11:07:28+00:00,pc,,0.0,140.0,1.0,
corpus_gas_city_conduit_scene,2025-08-14T11:07:28+00:00,pc,11.0,1.0,,0.0,
grineer_settlement_reactor_scene,2025-08-14T11:07:29+00:00,pc,11.0,1.0,88.0,1.0,
corpus_ice_planet_wreckage_scene,2025-08-14T11:07:29+00:00,pc,,0.0,,0.0,
eidolon_madurai_lens,2025-08-14T11:07:30+00:00,pc,,0.0,31.667,4.0,
eidolon_vazarin_lens,2025-08-14T11:07:30+00:00,pc,,0.0,20.0,6.0,
eidolon_unairu_lens,2025-08-14T11:07:31+00:00,pc,,0.0,14.333,10.0,
zephyr_prime_chassis_blueprint,2025-08-14T11:07:31+00:00,pc,2.0,1.0,5.667,21.0,
mycona_colony_scene,2025-08-14T11:07:32+00:00,pc,11.0,1.0,,0.0,
pax_soar,2025-08-14T11:07:32+00:00,pc,25.0,1.0,7.0,9.0,
redeemer_prime_blade,2025-08-14T11:07:33+00:00,pc,1.0,1.0,4.333,17.0,
akjagara_prime_receiver,2025-08-14T11:07:34+00:00,pc,5.0,1.0,9.333,9.0,
kitgun_riven_mod_(veiled),2025-08-14T11:07:34+00:00,pc,1.0,2.0,1.0,37.0,
spectrosiphon,2025-08-14T11:07:35+00:00,pc,,0.0,11.0,24.0,
wolf_sledge_head,2025-08-14T11:07:35+00:00,pc,,0.0,5.0,9.0,
acceltra_prime_barrel,2025-08-15T09:09:10+00:00,pc,6.667,8.0,8.0,29.0,
acceltra_prime_blueprint,2025-08-15T09:09:10+00:00,pc,1.0,1.0,1.0,26.0,
acceltra_prime_receiver,2025-08-15T09:09:11+00:00,pc,1.333,5.0,3.0,29.0,
acceltra_prime_set,2025-08-15T09:09:12+00:00,pc,17.333,13.0,18.333,66.0,
acceltra_prime_stock,2025-08-15T09:09:12+00:00,pc,6.667,8.0,8.333,16.0,
afuris_prime_barrel,2025-08-15T09:09:13+00:00,pc,1.0,1.0,3.333,17.0,
afuris_prime_blueprint,2025-08-15T09:09:13+00:00,pc,1.0,1.0,3.0,20.0,
afuris_prime_link,2025-08-15T09:09:14+00:00,pc,1.0,2.0,2.667,26.0,
afuris_prime_receiver,2025-08-15T09:09:14+00:00,pc,23.333,10.0,29.333,12.0,
afuris_prime_set,2025-08-15T09:09:15+00:00,pc,61.0,10.0,80.0,18.0,
akarius_prime_barrel,2025-08-15T09:09:16+00:00,pc,1.0,3.0,3.0,22.0,
akarius_prime_blueprint,2025-08-15T09:09:16+00:00,pc,7.0,12.0,6.333,41.0,
akarius_prime_link,2025-08-15T09:09:17+00:00,pc,2.0,12.0,2.0,33.0,
akarius_prime_receiver,2025-08-15T09:09:17+00:00,pc,7.0,14.0,8.333,21.0,
akarius_prime_set,2025-08-15T09:09:18+00:00,pc,34.333,12.0,39.0,65.0,
akbolto_prime_barrel,2025-08-15T09:09:18+00:00,pc,2.0,2.0,8.333,12.0,
akbolto_prime_blueprint,2025-08-15T09:09:19+00:00,pc,1.5,2.0,3.333,11.0,
akbolto_prime_link,2025-08-15T09:09:20+00:00,pc,1.0,2.0,4.0,16.0,
akbolto_prime_receiver,2025-08-15T09:09:21+00:00,pc,16.0,10.0,27.0,11.0,
akbolto_prime_set,2025-08-15T09:09:21+00:00,pc,60.667,11.0,88.667,21.0,
akbronco_prime_blueprint,2025-08-15T09:09:22+00:00,pc,1.0,1.0,1.333,21.0,
akbronco_prime_link,2025-08-15T09:09:22+00:00,pc,1.0,2.0,2.333,19.0,
akbronco_prime_set,2025-08-15T09:09:23+00:00,pc,3.0,1.0,9.333,21.0,
akjagara_prime_barrel,2025-08-15T09:09:23+00:00,pc,14.0,7.0,20.333,11.0,
akjagara_prime_blueprint,2025-08-15T09:09:24+00:00,pc,1.0,2.0,2.667,21.0,
akjagara_prime_link,2025-08-15T09:09:25+00:00,pc,3.0,3.0,7.0,11.0,
akjagara_prime_receiver,2025-08-15T09:09:25+00:00,pc,5.667,5.0,10.333,10.0,
akjagara_prime_set,2025-08-15T09:09:26+00:00,pc,41.667,6.0,98.667,16.0,
aklex_prime_blueprint,2025-08-15T09:09:26+00:00,pc,3.0,2.0,8.0,12.0,
aklex_prime_link,2025-08-15T09:09:27+00:00,pc,30.667,13.0,46.667,10.0,
aklex_prime_set,2025-08-15T09:09:28+00:00,pc,25.333,7.0,49.333,23.0,
akmagnus_prime_blueprint,2025-08-15T09:09:28+00:00,pc,14.0,8.0,29.667,14.0,
akmagnus_prime_link,2025-08-15T09:09:29+00:00,pc,15.333,7.0,28.0,16.0,
akmagnus_prime_set,2025-08-15T09:09:29+00:00,pc,33.0,9.0,59.333,31.0,
aksomati_prime_barrel,2025-08-15T09:09:30+00:00,pc,5.333,4.0,7.667,14.0,
aksomati_prime_blueprint,2025-08-15T09:09:30+00:00,pc,1.0,1.0,2.667,20.0,
aksomati_prime_link,2025-08-15T09:09:31+00:00,pc,18.0,4.0,36.333,12.0,
aksomati_prime_receiver,2025-08-15T09:09:31+00:00,pc,6.333,5.0,10.667,8.0,
aksomati_prime_set,2025-08-15T09:09:32+00:00,pc,53.333,7.0,99.0,15.0,
akstiletto_prime_barrel,2025-08-15T09:09:32+00:00,pc,8.667,8.0,19.667,13.0,
akstiletto_prime_blueprint,2025-08-15T09:09:33+00:00,pc,6.5,2.0,18.667,10.0,
akstiletto_prime_link,2025-08-15T09:09:33+00:00,pc,7.0,5.0,10.0,8.0,
akstiletto_prime_receiver,2025-08-15T09:09:34+00:00,pc,10.333,8.0,19.0,13.0,
akstiletto_prime_set,2025-08-15T09:09:34+00:00,pc,85.333,9.0,136.333,19.0,
akvasto_prime_blueprint,2025-08-15T09:09:35+00:00,pc,16.0,4.0,31.333,11.0,
akvasto_prime_link,2025-08-15T09:09:36+00:00,pc,4.333,3.0,16.667,9.0,
akvasto_prime_set,2025-08-15T09:09:36+00:00,pc,23.333,4.0,56.333,27.0,
ankyros_prime_blade,2025-08-15T09:09:37+00:00,pc,3.5,2.0,8.0,18.0,
ankyros_prime_blueprint,2025-08-15T09:09:37+00:00,pc,1.5,2.0,5.333,17.0,
ankyros_prime_gauntlet,2025-08-15T09:09:38+00:00,pc,6.333,5.0,11.0,12.0,
acceltra_prime_barrel,2025-08-15T09:35:03+00:00,pc,6.667,8.0,8.0,32.0,
acceltra_prime_blueprint,2025-08-15T09:35:04+00:00,pc,1.0,1.0,1.0,26.0,
acceltra_prime_receiver,2025-08-15T09:35:04+00:00,pc,1.333,5.0,3.0,30.0,
acceltra_prime_set,2025-08-15T09:35:05+00:00,pc,17.667,13.0,18.667,72.0,
acceltra_prime_stock,2025-08-15T09:35:06+00:00,pc,6.667,9.0,8.333,17.0,
afuris_prime_barrel,2025-08-15T09:35:06+00:00,pc,1.0,1.0,3.333,18.0,
afuris_prime_blueprint,2025-08-15T09:35:07+00:00,pc,1.0,1.0,3.0,21.0,
afuris_prime_link,2025-08-15T09:35:07+00:00,pc,1.0,2.0,2.667,24.0,
afuris_prime_receiver,2025-08-15T09:35:08+00:00,pc,21.667,10.0,28.667,13.0,
afuris_prime_set,2025-08-15T09:35:09+00:00,pc,61.0,11.0,84.667,15.0,
akarius_prime_barrel,2025-08-15T09:35:09+00:00,pc,1.0,3.0,3.0,21.0,
akarius_prime_blueprint,2025-08-15T09:35:10+00:00,pc,6.667,12.0,7.333,50.0,
akarius_prime_link,2025-08-15T09:35:10+00:00,pc,2.0,12.0,2.0,36.0,
akarius_prime_receiver,2025-08-15T09:35:11+00:00,pc,7.0,14.0,7.667,22.0,
akarius_prime_set,2025-08-15T09:35:11+00:00,pc,31.667,11.0,38.667,72.0,
akbolto_prime_barrel,2025-08-15T09:35:12+00:00,pc,2.0,2.0,6.0,13.0,
akbolto_prime_blueprint,2025-08-15T09:35:13+00:00,pc,1.5,2.0,3.0,12.0,
akbolto_prime_link,2025-08-15T09:35:13+00:00,pc,1.0,2.0,4.0,16.0,
akbolto_prime_receiver,2025-08-15T09:35:14+00:00,pc,16.0,9.0,29.0,9.0,
akbolto_prime_set,2025-08-15T09:35:14+00:00,pc,61.0,12.0,89.0,18.0,
akbronco_prime_blueprint,2025-08-15T09:35:15+00:00,pc,1.0,1.0,1.333,19.0,
akbronco_prime_link,2025-08-15T09:35:16+00:00,pc,1.0,2.0,2.0,20.0,
akbronco_prime_set,2025-08-15T09:35:16+00:00,pc,3.0,1.0,8.333,25.0,
akjagara_prime_barrel,2025-08-15T09:35:17+00:00,pc,14.667,9.0,21.0,10.0,
akjagara_prime_blueprint,2025-08-15T09:35:17+00:00,pc,1.0,2.0,2.667,19.0,
akjagara_prime_link,2025-08-15T09:35:18+00:00,pc,4.0,4.0,7.0,12.0,
akjagara_prime_receiver,2025-08-15T09:35:18+00:00,pc,6.0,6.0,14.0,6.0,
akjagara_prime_set,2025-08-15T09:35:19+00:00,pc,45.0,7.0,98.0,17.0,
aklex_prime_blueprint,2025-08-15T09:35:19+00:00,pc,3.0,2.0,7.333,13.0,
aklex_prime_link,2025-08-15T09:35:20+00:00,pc,31.0,13.0,45.0,11.0,
aklex_prime_set,2025-08-15T09:35:21+00:00,pc,29.333,7.0,49.333,25.0,
akmagnus_prime_blueprint,2025-08-15T09:35:22+00:00,pc,15.667,10.0,29.667,15.0,
akmagnus_prime_link,2025-08-15T09:35:23+00:00,pc,15.333,7.0,29.667,14.0,
akmagnus_prime_set,2025-08-15T09:35:23+00:00,pc,33.0,8.0,59.333,28.0,
aksomati_prime_barrel,2025-08-15T09:35:24+00:00,pc,4.0,3.0,9.667,8.0,
aksomati_prime_blueprint,2025-08-15T09:35:24+00:00,pc,1.0,1.0,3.333,19.0,
aksomati_prime_link,2025-08-15T09:35:25+00:00,pc,18.0,4.0,35.667,13.0,
aksomati_prime_receiver,2025-08-15T09:35:25+00:00,pc,5.0,4.0,11.333,9.0,
aksomati_prime_set,2025-08-15T09:35:26+00:00,pc,53.333,7.0,97.333,14.0,
akstiletto_prime_barrel,2025-08-15T09:35:26+00:00,pc,8.667,6.0,19.0,13.0,
akstiletto_prime_blueprint,2025-08-15T09:35:27+00:00,pc,6.5,2.0,14.667,14.0,
akstiletto_prime_link,2025-08-15T09:35:28+00:00,pc,7.0,5.0,16.0,6.0,
akstiletto_prime_receiver,2025-08-15T09:35:28+00:00,pc,13.333,8.0,20.667,16.0,
akstiletto_prime_set,2025-08-15T09:35:29+00:00,pc,85.333,9.0,134.667,18.0,
akvasto_prime_blueprint,2025-08-15T09:35:29+00:00,pc,20.0,6.0,36.333,9.0,
akvasto_prime_link,2025-08-15T09:35:30+00:00,pc,4.333,3.0,16.333,11.0,
akvasto_prime_set,2025-08-15T09:35:30+00:00,pc,27.667,5.0,51.667,26.0,
ankyros_prime_blade,2025-08-15T09:35:31+00:00,pc,3.5,2.0,8.0,19.0,
ankyros_prime_blueprint,2025-08-15T09:35:31+00:00,pc,1.5,2.0,5.0,17.0,
ankyros_prime_gauntlet,2025-08-15T09:35:32+00:00,pc,8.667,8.0,11.0,10.0,
acceltra_prime_barrel,2025-08-15T10:06:51+00:00,pc,6.333,7.0,8.667,31.0,
acceltra_prime_blueprint,2025-08-15T10:06:52+00:00,pc,1.0,1.0,1.0,24.0,
acceltra_prime_receiver,2025-08-15T10:06:53+00:00,pc,1.333,5.0,2.667,27.0,
acceltra_prime_set,2025-08-15T10:06:54+00:00,pc,17.667,14.0,18.667,76.0,
acceltra_prime_stock,2025-08-15T10:06:55+00:00,pc,6.333,8.0,7.333,19.0,
afuris_prime_barrel,2025-08-15T10:06:55+00:00,pc,2.0,2.0,3.0,17.0,
afuris_prime_blueprint,2025-08-15T10:06:56+00:00,pc,1.0,1.0,3.0,20.0,
afuris_prime_link,2025-08-15T10:06:56+00:00,pc,1.0,2.0,2.667,18.0,
afuris_prime_receiver,2025-08-15T10:06:57+00:00,pc,23.667,11.0,29.333,11.0,
afuris_prime_set,2025-08-15T10:06:58+00:00,pc,66.0,13.0,83.333,17.0,
akarius_prime_barrel,2025-08-15T10:06:58+00:00,pc,1.0,3.0,3.667,17.0,
akarius_prime_blueprint,2025-08-15T10:06:59+00:00,pc,6.667,11.0,6.333,44.0,
akarius_prime_link,2025-08-15T10:07:00+00:00,pc,2.0,15.0,2.0,33.0,
akarius_prime_receiver,2025-08-15T10:07:00+00:00,pc,6.667,14.0,6.0,26.0,
akarius_prime_set,2025-08-15T10:07:01+00:00,pc,31.667,8.0,38.333,67.0,
akbolto_prime_barrel,2025-08-15T10:07:02+00:00,pc,2.0,2.0,7.667,11.0,
akbolto_prime_blueprint,2025-08-15T10:07:03+00:00,pc,1.5,2.0,3.0,13.0,
akbolto_prime_link,2025-08-15T10:07:03+00:00,pc,1.0,2.0,4.0,14.0,
akbolto_prime_receiver,2025-08-15T10:07:04+00:00,pc,16.0,10.0,26.333,11.0,
akbolto_prime_set,2025-08-15T10:07:04+00:00,pc,61.0,13.0,87.0,18.0,
akbronco_prime_blueprint,2025-08-15T10:07:05+00:00,pc,1.0,1.0,1.0,20.0,
akbronco_prime_link,2025-08-15T10:07:06+00:00,pc,1.0,2.0,2.0,18.0,
akbronco_prime_set,2025-08-15T10:07:07+00:00,pc,3.0,1.0,7.667,23.0,
akjagara_prime_barrel,2025-08-15T10:07:07+00:00,pc,14.0,7.0,22.0,9.0,
akjagara_prime_blueprint,2025-08-15T10:07:08+00:00,pc,1.0,2.0,2.333,19.0,
akjagara_prime_link,2025-08-15T10:07:09+00:00,pc,3.333,4.0,6.0,13.0,
akjagara_prime_receiver,2025-08-15T10:07:09+00:00,pc,6.667,7.0,9.333,8.0,
akjagara_prime_set,2025-08-15T10:07:10+00:00,pc,68.333,6.0,94.667,21.0,
aklex_prime_blueprint,2025-08-15T10:07:11+00:00,pc,3.0,2.0,6.333,16.0,
aklex_prime_link,2025-08-15T10:07:11+00:00,pc,31.0,12.0,43.333,14.0,
aklex_prime_set,2025-08-15T10:07:12+00:00,pc,43.333,8.0,49.333,28.0,
akmagnus_prime_blueprint,2025-08-15T10:07:13+00:00,pc,18.0,10.0,29.667,14.0,
akmagnus_prime_link,2025-08-15T10:07:13+00:00,pc,18.333,7.0,29.667,14.0,
akmagnus_prime_set,2025-08-15T10:07:14+00:00,pc,45.333,7.0,58.667,28.0,
aksomati_prime_barrel,2025-08-15T10:07:14+00:00,pc,4.0,3.0,9.0,10.0,
aksomati_prime_blueprint,2025-08-15T10:07:15+00:00,pc,1.0,1.0,3.333,22.0,
aksomati_prime_link,2025-08-15T10:07:16+00:00,pc,21.333,6.0,37.667,11.0,
aksomati_prime_receiver,2025-08-15T10:07:17+00:00,pc,2.0,3.0,10.667,8.0,
aksomati_prime_set,2025-08-15T10:07:17+00:00,pc,55.0,7.0,96.0,19.0,
akstiletto_prime_barrel,2025-08-15T10:07:18+00:00,pc,8.667,7.0,14.0,20.0,
akstiletto_prime_blueprint,2025-08-15T10:07:18+00:00,pc,6.5,2.0,13.667,16.0,
akstiletto_prime_link,2025-08-15T10:07:19+00:00,pc,7.0,5.0,14.333,8.0,
akstiletto_prime_receiver,2025-08-15T10:07:20+00:00,pc,13.333,8.0,21.333,14.0,
akstiletto_prime_set,2025-08-15T10:07:21+00:00,pc,85.333,8.0,134.667,21.0,
akvasto_prime_blueprint,2025-08-15T10:07:21+00:00,pc,20.0,6.0,45.0,8.0,
akvasto_prime_link,2025-08-15T10:07:22+00:00,pc,4.333,3.0,17.667,10.0,
akvasto_prime_set,2025-08-15T10:07:23+00:00,pc,27.667,4.0,48.333,26.0,
ankyros_prime_blade,2025-08-15T10:07:23+00:00,pc,3.5,2.0,7.667,18.0,
ankyros_prime_blueprint,2025-08-15T10:07:24+00:00,pc,1.5,2.0,5.0,16.0,
ankyros_prime_gauntlet,2025-08-15T10:07:24+00:00,pc,8.333,7.0,9.667,13.0,
ankyros_prime_set,2025-08-15T10:07:25+00:00,pc,36.667,8.0,47.0,20.0,
ash_prime_blueprint,2025-08-15T10:07:26+00:00,pc,8.667,6.0,16.667,20.0,
ash_prime_chassis_blueprint,2025-08-15T10:07:27+00:00,pc,6.667,6.0,16.333,18.0,
ash_prime_neuroptics_blueprint,2025-08-15T10:07:27+00:00,pc,4.667,5.0,9.667,15.0,
ash_prime_set,2025-08-15T10:07:28+00:00,pc,83.667,21.0,95.0,41.0,
ash_prime_systems_blueprint,2025-08-15T10:07:29+00:00,pc,27.333,11.0,35.0,23.0,
astilla_prime_barrel,2025-08-15T10:07:29+00:00,pc,7.667,4.0,14.0,14.0,
astilla_prime_blueprint,2025-08-15T10:07:30+00:00,pc,,0.0,4.667,14.0,
astilla_prime_receiver,2025-08-15T10:07:31+00:00,pc,,0.0,5.333,14.0,
astilla_prime_set,2025-08-15T10:07:31+00:00,pc,22.333,9.0,34.667,36.0,
astilla_prime_stock,2025-08-15T10:07:32+00:00,pc,2.0,1.0,4.667,16.0,
atlas_prime_blueprint,2025-08-15T10:07:33+00:00,pc,1.0,1.0,3.0,26.0,
atlas_prime_chassis_blueprint,2025-08-15T10:07:33+00:00,pc,2.0,1.0,7.0,28.0,
atlas_prime_neuroptics_blueprint,2025-08-15T10:07:34+00:00,pc,40.333,15.0,48.333,15.0,
atlas_prime_set,2025-08-15T10:07:35+00:00,pc,58.0,15.0,68.0,42.0,
atlas_prime_systems_blueprint,2025-08-15T10:07:35+00:00,pc,2.0,1.0,4.667,19.0,
ballistica_prime_blueprint,2025-08-15T10:07:36+00:00,pc,6.667,4.0,16.0,11.0,
ballistica_prime_lower_limb,2025-08-15T10:07:37+00:00,pc,2.0,4.0,5.333,10.0,
ballistica_prime_receiver,2025-08-15T10:07:37+00:00,pc,2.0,2.0,4.667,16.0,
ballistica_prime_set,2025-08-15T10:07:38+00:00,pc,42.0,12.0,69.667,19.0,
ballistica_prime_string,2025-08-15T10:07:39+00:00,pc,2.333,3.0,10.333,9.0,
ballistica_prime_upper_limb,2025-08-15T10:07:39+00:00,pc,2.0,3.0,6.0,11.0,
banshee_prime_blueprint,2025-08-15T10:07:40+00:00,pc,2.0,2.0,4.667,21.0,
banshee_prime_chassis_blueprint,2025-08-15T10:07:41+00:00,pc,17.333,6.0,33.333,10.0,
banshee_prime_neuroptics_blueprint,2025-08-15T10:07:41+00:00,pc,1.0,1.0,3.667,30.0,
banshee_prime_set,2025-08-15T10:07:42+00:00,pc,42.0,11.0,64.0,34.0,
banshee_prime_systems_blueprint,2025-08-15T10:07:43+00:00,pc,11.333,5.0,23.0,9.0,
baruuk_prime_blueprint,2025-08-15T10:07:44+00:00,pc,8.333,5.0,12.0,19.0,
baruuk_prime_chassis_blueprint,2025-08-15T10:07:44+00:00,pc,1.5,2.0,2.667,33.0,
baruuk_prime_neuroptics_blueprint,2025-08-15T10:07:45+00:00,pc,14.667,6.0,22.667,12.0,
baruuk_prime_set,2025-08-15T10:07:46+00:00,pc,39.0,12.0,50.0,49.0,
baruuk_prime_systems_blueprint,2025-08-15T10:07:47+00:00,pc,3.333,3.0,6.333,19.0,
baza_prime_barrel,2025-08-15T10:07:47+00:00,pc,,0.0,3.667,14.0,
baza_prime_blueprint,2025-08-15T10:07:48+00:00,pc,7.0,4.0,10.0,9.0,
baza_prime_receiver,2025-08-15T10:07:49+00:00,pc,3.5,2.0,5.0,13.0,
baza_prime_set,2025-08-15T10:07:49+00:00,pc,43.0,8.0,70.0,26.0,
baza_prime_stock,2025-08-15T10:07:50+00:00,pc,21.0,10.0,35.333,9.0,
bo_prime_blueprint,2025-08-15T10:07:51+00:00,pc,5.0,4.0,13.0,18.0,
bo_prime_handle,2025-08-15T10:07:51+00:00,pc,10.333,6.0,17.333,14.0,
bo_prime_ornament,2025-08-15T10:07:52+00:00,pc,21.333,11.0,28.333,15.0,
bo_prime_set,2025-08-15T10:07:53+00:00,pc,67.333,8.0,80.0,27.0,
boar_prime_barrel,2025-08-15T10:07:53+00:00,pc,16.667,5.0,17.667,15.0,
boar_prime_blueprint,2025-08-15T10:07:54+00:00,pc,7.333,5.0,11.333,11.0,
boar_prime_receiver,2025-08-15T10:07:55+00:00,pc,9.0,4.0,10.333,12.0,
boar_prime_set,2025-08-15T10:07:56+00:00,pc,80.0,11.0,94.0,31.0,
boar_prime_stock,2025-08-15T10:07:57+00:00,pc,35.667,11.0,47.0,17.0,
boltor_prime_barrel,2025-08-15T10:07:58+00:00,pc,3.0,1.0,11.333,9.0,
boltor_prime_blueprint,2025-08-15T10:07:58+00:00,pc,7.0,1.0,22.333,10.0,
boltor_prime_receiver,2025-08-15T10:07:59+00:00,pc,,0.0,8.333,10.0,
boltor_prime_set,2025-08-15T10:08:00+00:00,pc,46.667,12.0,66.667,17.0,
boltor_prime_stock,2025-08-15T10:08:01+00:00,pc,5.0,4.0,13.0,13.0,
braton_prime_barrel,2025-08-15T10:08:02+00:00,pc,,0.0,2.0,14.0,
braton_prime_blueprint,2025-08-15T10:08:02+00:00,pc,,0.0,1.0,22.0,
braton_prime_receiver,2025-08-15T10:08:03+00:00,pc,2.0,1.0,3.0,11.0,
braton_prime_set,2025-08-15T10:08:04+00:00,pc,6.0,11.0,7.0,57.0,
braton_prime_stock,2025-08-15T10:08:05+00:00,pc,,0.0,1.0,23.0,
bronco_prime_barrel,2025-08-15T10:08:06+00:00,pc,1.0,2.0,2.333,12.0,
bronco_prime_blueprint,2025-08-15T10:08:06+00:00,pc,,0.0,2.333,12.0,
bronco_prime_receiver,2025-08-15T10:08:07+00:00,pc,,0.0,2.0,18.0,
bronco_prime_set,2025-08-15T10:08:08+00:00,pc,2.0,2.0,6.333,25.0,
burston_prime_barrel,2025-08-15T10:08:08+00:00,pc,1.5,2.0,2.333,22.0,
burston_prime_blueprint,2025-08-15T10:08:09+00:00,pc,2.0,1.0,5.0,8.0,
burston_prime_receiver,2025-08-15T10:08:10+00:00,pc,,0.0,2.0,20.0,
burston_prime_set,2025-08-15T10:08:10+00:00,pc,4.667,3.0,9.0,49.0,
burston_prime_stock,2025-08-15T10:08:11+00:00,pc,,0.0,2.0,19.0,
carrier_prime_blueprint,2025-08-15T10:08:12+00:00,pc,1.0,1.0,9.333,14.0,
carrier_prime_carapace,2025-08-15T10:08:12+00:00,pc,1.5,2.0,11.0,15.0,
carrier_prime_cerebrum,2025-08-15T10:08:13+00:00,pc,25.0,10.0,44.333,12.0,
carrier_prime_set,2025-08-15T10:08:14+00:00,pc,73.333,16.0,79.333,30.0,
carrier_prime_systems,2025-08-15T10:08:15+00:00,pc,1.5,2.0,8.0,12.0,
cedo_prime_barrel,2025-08-15T10:08:16+00:00,pc,1.5,2.0,4.333,28.0,
cedo_prime_blueprint,2025-08-15T10:08:16+00:00,pc,7.333,8.0,9.667,19.0,
cedo_prime_receiver,2025-08-15T10:08:17+00:00,pc,5.667,4.0,11.333,17.0,
cedo_prime_set,2025-08-15T10:08:18+00:00,pc,30.333,13.0,40.0,39.0,
cedo_prime_stock,2025-08-15T10:08:18+00:00,pc,1.0,3.0,4.667,17.0,
cernos_prime_blueprint,2025-08-15T10:08:19+00:00,pc,2.0,1.0,4.333,11.0,
cernos_prime_grip,2025-08-15T10:08:20+00:00,pc,1.0,1.0,6.0,12.0,
cernos_prime_lower_limb,2025-08-15T10:08:20+00:00,pc,6.0,1.0,21.667,13.0,
cernos_prime_set,2025-08-15T10:08:21+00:00,pc,37.0,8.0,59.0,26.0,
cernos_prime_string,2025-08-15T10:08:22+00:00,pc,1.0,1.0,5.333,15.0,
cernos_prime_upper_limb,2025-08-15T10:08:22+00:00,pc,1.0,1.0,7.0,10.0,
chroma_prime_blueprint,2025-08-15T10:08:23+00:00,pc,4.667,4.0,8.333,25.0,
chroma_prime_chassis_blueprint,2025-08-15T10:08:24+00:00,pc,2.333,4.0,7.0,27.0,
chroma_prime_neuroptics_blueprint,2025-08-15T10:08:25+00:00,pc,18.667,8.0,29.667,11.0,
chroma_prime_set,2025-08-15T10:08:25+00:00,pc,63.333,14.0,72.667,41.0,
chroma_prime_systems_blueprint,2025-08-15T10:08:26+00:00,pc,5.0,2.0,26.667,17.0,
cobra_and_crane_prime_blade,2025-08-15T10:08:27+00:00,pc,,0.0,4.0,7.0,
cobra_and_crane_prime_blueprint,2025-08-15T10:08:27+00:00,pc,1.0,1.0,2.333,16.0,
cobra_and_crane_prime_guard,2025-08-15T10:08:28+00:00,pc,6.0,4.0,9.333,11.0,
cobra_and_crane_prime_hilt,2025-08-15T10:08:29+00:00,pc,2.0,2.0,2.333,23.0,
cobra_and_crane_prime_set,2025-08-15T10:08:29+00:00,pc,13.667,7.0,19.333,43.0,
corinth_prime_barrel,2025-08-15T10:08:30+00:00,pc,19.667,9.0,31.667,12.0,
corinth_prime_blueprint,2025-08-15T10:08:31+00:00,pc,2.0,1.0,4.0,18.0,
corinth_prime_receiver,2025-08-15T10:08:31+00:00,pc,,0.0,5.0,15.0,
corinth_prime_set,2025-08-15T10:08:32+00:00,pc,47.0,13.0,67.333,29.0,
corinth_prime_stock,2025-08-15T10:08:32+00:00,pc,5.5,2.0,12.333,14.0,
corvas_prime_barrel,2025-08-15T10:08:33+00:00,pc,11.667,5.0,23.333,6.0,
corvas_prime_blueprint,2025-08-15T10:08:34+00:00,pc,,0.0,4.333,15.0,
corvas_prime_receiver,2025-08-15T10:08:34+00:00,pc,,0.0,5.0,14.0,
corvas_prime_set,2025-08-15T10:08:35+00:00,pc,25.333,7.0,44.333,22.0,
corvas_prime_stock,2025-08-15T10:08:36+00:00,pc,,0.0,5.0,11.0,
daikyu_prime_blueprint,2025-08-15T10:08:36+00:00,pc,1.0,1.0,2.667,24.0,
daikyu_prime_grip,2025-08-15T10:08:37+00:00,pc,4.333,3.0,10.667,24.0,
daikyu_prime_lower_limb,2025-08-15T10:08:38+00:00,pc,1.0,2.0,2.0,24.0,
daikyu_prime_set,2025-08-15T10:08:38+00:00,pc,29.333,13.0,35.0,64.0,
daikyu_prime_string,2025-08-15T10:08:39+00:00,pc,6.333,5.0,9.0,14.0,
daikyu_prime_upper_limb,2025-08-15T10:08:40+00:00,pc,2.0,1.0,4.667,19.0,
dakra_prime_blade,2025-08-15T10:08:41+00:00,pc,12.0,2.0,17.0,11.0,
dakra_prime_blueprint,2025-08-15T10:08:41+00:00,pc,3.0,1.0,8.667,6.0,
dakra_prime_handle,2025-08-15T10:08:42+00:00,pc,,0.0,10.0,9.0,
dakra_prime_set,2025-08-15T10:08:43+00:00,pc,26.0,6.0,33.333,27.0,
destreza_prime_blade,2025-08-15T10:08:43+00:00,pc,23.333,12.0,45.0,6.0,
destreza_prime_blueprint,2025-08-15T10:08:44+00:00,pc,2.0,1.0,4.333,13.0,
destreza_prime_handle,2025-08-15T10:08:45+00:00,pc,3.0,2.0,8.333,8.0,
destreza_prime_set,2025-08-15T10:08:45+00:00,pc,36.0,11.0,56.667,24.0,
dethcube_prime_blueprint,2025-08-15T10:08:46+00:00,pc,10.333,4.0,18.667,21.0,
dethcube_prime_carapace,2025-08-15T10:08:47+00:00,pc,,0.0,5.0,17.0,
dethcube_prime_cerebrum,2025-08-15T10:08:48+00:00,pc,27.667,8.0,39.0,8.0,
dethcube_prime_set,2025-08-15T10:08:48+00:00,pc,63.667,13.0,75.0,31.0,
dethcube_prime_systems,2025-08-15T10:08:49+00:00,pc,3.667,3.0,7.0,16.0,
dual_kamas_prime_blade,2025-08-15T10:08:50+00:00,pc,29.667,12.0,76.667,3.0,
dual_kamas_prime_blueprint,2025-08-15T10:08:50+00:00,pc,2.0,1.0,4.667,14.0,
dual_kamas_prime_handle,2025-08-15T10:08:51+00:00,pc,3.0,1.0,7.0,19.0,
dual_kamas_prime_set,2025-08-15T10:08:52+00:00,pc,82.0,12.0,109.333,21.0,
dual_keres_prime_blade,2025-08-15T10:08:52+00:00,pc,3.0,2.0,7.0,7.0,
dual_keres_prime_blueprint,2025-08-15T10:08:53+00:00,pc,7.5,2.0,12.333,20.0,
dual_keres_prime_handle,2025-08-15T10:08:54+00:00,pc,2.0,2.0,5.0,15.0,
dual_keres_prime_set,2025-08-15T10:08:54+00:00,pc,38.0,10.0,50.0,23.0,
dual_zoren_prime_blade,2025-08-15T10:08:55+00:00,pc,8.667,10.0,10.667,24.0,
dual_zoren_prime_blueprint,2025-08-15T10:08:56+00:00,pc,1.667,5.0,2.0,30.0,
dual_zoren_prime_handle,2025-08-15T10:08:57+00:00,pc,3.5,2.0,7.333,19.0,
dual_zoren_prime_set,2025-08-15T10:08:57+00:00,pc,37.0,9.0,48.667,35.0,
ember_prime_blueprint,2025-08-15T10:08:58+00:00,pc,28.333,9.0,39.667,16.0,
ember_prime_chassis_blueprint,2025-08-15T10:08:59+00:00,pc,3.667,3.0,10.333,16.0,
ember_prime_neuroptics_blueprint,2025-08-15T10:08:59+00:00,pc,12.0,6.0,16.667,22.0,
ember_prime_set,2025-08-15T10:09:00+00:00,pc,79.667,14.0,91.333,45.0,
ember_prime_systems_blueprint,2025-08-15T10:09:01+00:00,pc,3.667,3.0,11.667,19.0,
epitaph_prime_barrel,2025-08-15T10:09:02+00:00,pc,1.0,3.0,2.333,17.0,
epitaph_prime_blueprint,2025-08-15T10:09:03+00:00,pc,2.0,1.0,2.333,23.0,
epitaph_prime_receiver,2025-08-15T10:09:04+00:00,pc,7.0,7.0,14.0,14.0,
epitaph_prime_set,2025-08-15T10:09:05+00:00,pc,12.333,9.0,15.333,66.0,
equinox_prime_blueprint,2025-08-15T10:09:05+00:00,pc,2.5,2.0,10.0,30.0,
equinox_prime_chassis_blueprint,2025-08-15T10:09:06+00:00,pc,1.0,1.0,4.667,23.0,
equinox_prime_neuroptics_blueprint,2025-08-15T10:09:07+00:00,pc,3.5,2.0,8.0,33.0,
equinox_prime_set,2025-08-15T10:09:07+00:00,pc,50.0,16.0,53.333,70.0,
equinox_prime_systems_blueprint,2025-08-15T10:09:08+00:00,pc,15.667,6.0,21.333,22.0,
euphona_prime_barrel,2025-08-15T10:09:09+00:00,pc,,0.0,6.0,11.0,
euphona_prime_blueprint,2025-08-15T10:09:09+00:00,pc,,0.0,3.333,16.0,
euphona_prime_receiver,2025-08-15T10:09:10+00:00,pc,30.0,9.0,44.667,6.0,
euphona_prime_set,2025-08-15T10:09:11+00:00,pc,22.0,3.0,48.0,30.0,
fang_prime_blade,2025-08-15T10:09:11+00:00,pc,,0.0,2.0,16.0,
fang_prime_blueprint,2025-08-15T10:09:12+00:00,pc,,0.0,1.0,21.0,
fang_prime_handle,2025-08-15T10:09:13+00:00,pc,,0.0,1.0,21.0,
fang_prime_set,2025-08-15T10:09:13+00:00,pc,5.0,2.0,7.667,48.0,
fragor_prime_blueprint,2025-08-15T10:09:14+00:00,pc,,0.0,8.333,15.0,
fragor_prime_handle,2025-08-15T10:09:15+00:00,pc,5.0,1.0,11.667,10.0,
fragor_prime_head,2025-08-15T10:09:16+00:00,pc,2.0,1.0,10.0,10.0,
fragor_prime_set,2025-08-15T10:09:17+00:00,pc,28.333,4.0,36.667,30.0,
frost_prime_blueprint,2025-08-15T10:09:17+00:00,pc,39.333,13.0,50.0,10.0,
frost_prime_chassis_blueprint,2025-08-15T10:09:18+00:00,pc,8.667,7.0,14.333,25.0,
frost_prime_neuroptics_blueprint,2025-08-15T10:09:18+00:00,pc,4.0,4.0,9.667,20.0,
frost_prime_set,2025-08-15T10:09:19+00:00,pc,80.667,22.0,90.0,47.0,
frost_prime_systems_blueprint,2025-08-15T10:09:20+00:00,pc,6.667,5.0,11.0,13.0,
fulmin_prime_barrel,2025-08-15T10:09:21+00:00,pc,2.0,1.0,3.667,15.0,
fulmin_prime_blueprint,2025-08-15T10:09:21+00:00,pc,1.5,2.0,2.667,13.0,
fulmin_prime_receiver,2025-08-15T10:09:22+00:00,pc,9.333,10.0,28.0,8.0,
fulmin_prime_set,2025-08-15T10:09:23+00:00,pc,21.667,14.0,28.667,29.0,
fulmin_prime_stock,2025-08-15T10:09:23+00:00,pc,1.0,3.0,3.667,13.0,
galatine_prime_blade,2025-08-15T10:09:24+00:00,pc,2.0,1.0,4.667,18.0,
galatine_prime_blueprint,2025-08-15T10:09:25+00:00,pc,21.0,8.0,33.0,6.0,
galatine_prime_handle,2025-08-15T10:09:25+00:00,pc,1.0,1.0,4.333,9.0,
galatine_prime_set,2025-08-15T10:09:26+00:00,pc,30.0,6.0,48.333,13.0,
gara_prime_blueprint,2025-08-15T10:09:27+00:00,pc,21.0,12.0,27.333,32.0,
gara_prime_chassis_blueprint,2025-08-15T10:09:28+00:00,pc,5.667,5.0,13.0,14.0,
gara_prime_neuroptics_blueprint,2025-08-15T10:09:29+00:00,pc,3.5,2.0,4.667,31.0,
gara_prime_set,2025-08-15T10:09:29+00:00,pc,51.667,14.0,55.0,63.0,
gara_prime_systems_blueprint,2025-08-15T10:09:30+00:00,pc,1.5,2.0,4.0,30.0,
garuda_prime_blueprint,2025-08-15T10:09:31+00:00,pc,1.0,1.0,3.0,25.0,
garuda_prime_chassis_blueprint,2025-08-15T10:09:32+00:00,pc,2.5,2.0,6.333,26.0,
garuda_prime_neuroptics_blueprint,2025-08-15T10:09:32+00:00,pc,11.667,6.0,20.0,10.0,
garuda_prime_set,2025-08-15T10:09:33+00:00,pc,63.333,14.0,77.667,33.0,
garuda_prime_systems_blueprint,2025-08-15T10:09:34+00:00,pc,30.0,20.0,39.667,12.0,
gauss_prime_blueprint,2025-08-15T10:09:34+00:00,pc,1.333,3.0,2.0,51.0,
gauss_prime_chassis_blueprint,2025-08-15T10:09:35+00:00,pc,2.333,6.0,3.667,34.0,
gauss_prime_neuroptics_blueprint,2025-08-15T10:09:36+00:00,pc,3.667,9.0,6.667,25.0,
gauss_prime_set,2025-08-15T10:09:37+00:00,pc,27.0,26.0,25.0,98.0,
gauss_prime_systems_blueprint,2025-08-15T10:09:38+00:00,pc,9.667,16.0,13.0,25.0,
glaive_prime_blade,2025-08-15T10:09:39+00:00,pc,13.333,8.0,18.667,19.0,
glaive_prime_blueprint,2025-08-15T10:09:40+00:00,pc,11.333,6.0,17.667,26.0,
glaive_prime_disc,2025-08-15T10:09:40+00:00,pc,6.0,5.0,9.333,23.0,
glaive_prime_set,2025-08-15T10:09:41+00:00,pc,65.0,10.0,75.667,51.0,
gram_prime_blade,2025-08-15T10:09:42+00:00,pc,3.5,2.0,4.0,11.0,
gram_prime_blueprint,2025-08-15T10:09:43+00:00,pc,3.0,2.0,8.0,11.0,
gram_prime_handle,2025-08-15T10:09:43+00:00,pc,11.333,6.0,16.0,11.0,
gram_prime_set,2025-08-15T10:09:44+00:00,pc,20.0,7.0,31.333,33.0,
grendel_prime_blueprint,2025-08-15T10:09:45+00:00,pc,6.333,6.0,8.0,31.0,
grendel_prime_chassis_blueprint,2025-08-15T10:09:45+00:00,pc,1.667,5.0,2.0,46.0,
grendel_prime_neuroptics_blueprint,2025-08-15T10:09:46+00:00,pc,1.0,1.0,4.0,19.0,
grendel_prime_set,2025-08-15T10:09:47+00:00,pc,28.667,14.0,30.0,65.0,
grendel_prime_systems_blueprint,2025-08-15T10:09:48+00:00,pc,9.333,8.0,14.333,23.0,
guandao_prime_blade,2025-08-15T10:09:49+00:00,pc,5.333,5.0,8.0,11.0,
guandao_prime_blueprint,2025-08-15T10:09:49+00:00,pc,2.0,1.0,4.333,14.0,
guandao_prime_handle,2025-08-15T10:09:50+00:00,pc,7.5,2.0,20.0,12.0,
guandao_prime_set,2025-08-15T10:09:51+00:00,pc,37.0,6.0,49.0,28.0,
gunsen_prime_blade,2025-08-15T10:09:51+00:00,pc,7.0,7.0,10.0,9.0,
gunsen_prime_blueprint,2025-08-15T10:09:52+00:00,pc,,0.0,2.0,10.0,
gunsen_prime_handle,2025-08-15T10:09:53+00:00,pc,1.667,3.0,4.0,13.0,
gunsen_prime_set,2025-08-15T10:09:53+00:00,pc,28.0,11.0,39.667,25.0,
harrow_prime_blueprint,2025-08-15T10:09:54+00:00,pc,2.5,2.0,4.667,30.0,
harrow_prime_chassis_blueprint,2025-08-15T10:09:55+00:00,pc,4.667,5.0,9.0,20.0,
harrow_prime_neuroptics_blueprint,2025-08-15T10:09:55+00:00,pc,2.0,3.0,7.0,26.0,
harrow_prime_set,2025-08-15T10:09:56+00:00,pc,47.333,11.0,57.667,40.0,
harrow_prime_systems_blueprint,2025-08-15T10:09:57+00:00,pc,24.333,13.0,32.0,16.0,
helios_prime_blueprint,2025-08-15T10:09:57+00:00,pc,,0.0,4.667,14.0,
helios_prime_carapace,2025-08-15T10:09:58+00:00,pc,,0.0,3.667,13.0,
helios_prime_cerebrum,2025-08-15T10:09:59+00:00,pc,15.333,6.0,46.667,3.0,
helios_prime_set,2025-08-15T10:09:59+00:00,pc,41.667,7.0,51.333,34.0,
helios_prime_systems,2025-08-15T10:10:00+00:00,pc,,0.0,8.333,16.0,
hikou_prime_blueprint,2025-08-15T10:10:01+00:00,pc,2.0,1.0,4.667,7.0,
hikou_prime_pouch,2025-08-15T10:10:02+00:00,pc,4.667,4.0,7.0,15.0,
hikou_prime_set,2025-08-15T10:10:03+00:00,pc,35.0,6.0,49.667,30.0,
hikou_prime_stars,2025-08-15T10:10:04+00:00,pc,4.0,4.0,7.333,9.0,
hildryn_prime_blueprint,2025-08-15T10:10:04+00:00,pc,20.0,10.0,28.333,14.0,
hildryn_prime_chassis_blueprint,2025-08-15T10:10:05+00:00,pc,2.0,1.0,4.667,31.0,
hildryn_prime_neuroptics_blueprint,2025-08-15T10:10:06+00:00,pc,2.0,1.0,4.0,21.0,
hildryn_prime_set,2025-08-15T10:10:07+00:00,pc,35.667,18.0,43.333,57.0,
hildryn_prime_systems_blueprint,2025-08-15T10:10:07+00:00,pc,1.0,1.0,2.0,33.0,
hydroid_prime_blueprint,2025-08-15T10:10:08+00:00,pc,8.0,6.0,18.667,9.0,
hydroid_prime_chassis_blueprint,2025-08-15T10:10:09+00:00,pc,4.333,5.0,7.667,20.0,
hydroid_prime_neuroptics_blueprint,2025-08-15T10:10:09+00:00,pc,7.667,4.0,18.667,9.0,
hydroid_prime_set,2025-08-15T10:10:10+00:00,pc,81.333,15.0,99.667,35.0,
hydroid_prime_systems_blueprint,2025-08-15T10:10:11+00:00,pc,32.0,14.0,39.0,14.0,
hystrix_prime_barrel,2025-08-15T10:10:12+00:00,pc,,0.0,3.667,18.0,
hystrix_prime_blueprint,2025-08-15T10:10:12+00:00,pc,1.0,1.0,4.0,16.0,
hystrix_prime_receiver,2025-08-15T10:10:13+00:00,pc,9.0,3.0,11.333,13.0,
hystrix_prime_set,2025-08-15T10:10:14+00:00,pc,12.0,4.0,23.0,37.0,
inaros_prime_blueprint,2025-08-15T10:10:15+00:00,pc,2.0,2.0,5.0,25.0,
inaros_prime_chassis_blueprint,2025-08-15T10:10:15+00:00,pc,2.0,2.0,4.667,25.0,
inaros_prime_neuroptics_blueprint,2025-08-15T10:10:16+00:00,pc,26.667,12.0,39.667,12.0,
inaros_prime_set,2025-08-15T10:10:17+00:00,pc,43.0,9.0,59.333,45.0,
inaros_prime_systems_blueprint,2025-08-15T10:10:17+00:00,pc,2.667,5.0,6.333,23.0,
ivara_prime_blueprint,2025-08-15T10:10:18+00:00,pc,3.0,2.0,7.667,24.0,
ivara_prime_chassis_blueprint,2025-08-15T10:10:19+00:00,pc,21.667,5.0,32.333,9.0,
ivara_prime_neuroptics_blueprint,2025-08-15T10:10:20+00:00,pc,2.667,4.0,3.667,28.0,
ivara_prime_set,2025-08-15T10:10:20+00:00,pc,45.0,11.0,53.333,55.0,
ivara_prime_systems_blueprint,2025-08-15T10:10:21+00:00,pc,2.5,2.0,9.667,22.0,
karyst_prime_blade,2025-08-15T10:10:22+00:00,pc,7.0,1.0,14.667,14.0,
karyst_prime_blueprint,2025-08-15T10:10:23+00:00,pc,2.0,1.0,5.0,14.0,
karyst_prime_handle,2025-08-15T10:10:24+00:00,pc,,0.0,5.0,11.0,
karyst_prime_set,2025-08-15T10:10:24+00:00,pc,13.333,3.0,29.0,33.0,
khora_prime_blueprint,2025-08-15T10:10:25+00:00,pc,20.0,9.0,29.333,15.0,
khora_prime_chassis_blueprint,2025-08-15T10:10:26+00:00,pc,3.333,3.0,4.667,27.0,
khora_prime_neuroptics_blueprint,2025-08-15T10:10:26+00:00,pc,24.333,14.0,29.667,19.0,
khora_prime_set,2025-08-15T10:10:27+00:00,pc,69.0,18.0,73.333,50.0,
khora_prime_systems_blueprint,2025-08-15T10:10:28+00:00,pc,3.333,6.0,4.667,23.0,
knell_prime_barrel,2025-08-15T10:10:29+00:00,pc,20.0,14.0,28.667,10.0,
knell_prime_blueprint,2025-08-15T10:10:29+00:00,pc,1.0,1.0,4.667,18.0,
knell_prime_receiver,2025-08-15T10:10:30+00:00,pc,3.0,1.0,4.0,13.0,
knell_prime_set,2025-08-15T10:10:31+00:00,pc,20.667,7.0,31.667,35.0,
kogake_prime_blueprint,2025-08-15T10:10:31+00:00,pc,2.5,2.0,5.0,10.0,
kogake_prime_boot,2025-08-15T10:10:32+00:00,pc,3.0,4.0,5.667,15.0,
kogake_prime_gauntlet,2025-08-15T10:10:33+00:00,pc,10.0,8.0,18.667,8.0,
kogake_prime_set,2025-08-15T10:10:34+00:00,pc,57.0,5.0,70.333,21.0,
kompressa_prime_barrel,2025-08-15T10:10:35+00:00,pc,5.5,2.0,10.0,26.0,
kompressa_prime_blueprint,2025-08-15T10:10:36+00:00,pc,,0.0,4.0,20.0,
kompressa_prime_reciever,2025-08-15T10:10:36+00:00,pc,5.333,3.0,13.333,22.0,
kompressa_prime_set,2025-08-15T10:10:37+00:00,pc,27.667,13.0,35.667,60.0,
kronen_prime_blade,2025-08-15T10:10:38+00:00,pc,23.333,9.0,33.667,11.0,
kronen_prime_blueprint,2025-08-15T10:10:38+00:00,pc,2.0,1.0,3.667,21.0,
kronen_prime_handle,2025-08-15T10:10:39+00:00,pc,5.333,3.0,9.667,10.0,
kronen_prime_set,2025-08-15T10:10:40+00:00,pc,80.0,15.0,101.667,19.0,
larkspur_prime_barrel,2025-08-15T10:10:41+00:00,pc,9.333,6.0,19.333,8.0,
larkspur_prime_blueprint,2025-08-15T10:10:41+00:00,pc,1.0,1.0,2.667,13.0,
larkspur_prime_receiver,2025-08-15T10:10:42+00:00,pc,1.5,2.0,3.333,18.0,
larkspur_prime_set,2025-08-15T10:10:43+00:00,pc,19.0,6.0,29.333,23.0,
larkspur_prime_stock,2025-08-15T10:10:43+00:00,pc,1.5,2.0,3.0,12.0,
latron_prime_barrel,2025-08-15T10:10:44+00:00,pc,13.333,5.0,20.0,11.0,
latron_prime_blueprint,2025-08-15T10:10:45+00:00,pc,15.0,4.0,41.333,7.0,
latron_prime_receiver,2025-08-15T10:10:46+00:00,pc,10.0,6.0,21.333,10.0,
latron_prime_set,2025-08-15T10:10:46+00:00,pc,88.333,12.0,98.333,22.0,
latron_prime_stock,2025-08-15T10:10:47+00:00,pc,7.333,3.0,19.0,17.0,
lavos_prime_blueprint,2025-08-15T10:10:48+00:00,pc,2.333,4.0,6.333,26.0,
lavos_prime_chassis_blueprint,2025-08-15T10:10:49+00:00,pc,1.0,3.0,5.0,24.0,
lavos_prime_neuroptics_blueprint,2025-08-15T10:10:49+00:00,pc,1.667,3.0,2.667,33.0,
lavos_prime_set,2025-08-15T10:10:50+00:00,pc,29.0,12.0,28.667,71.0,
lavos_prime_systems_blueprint,2025-08-15T10:10:51+00:00,pc,7.333,10.0,9.333,33.0,
lex_prime_barrel,2025-08-15T10:10:52+00:00,pc,,0.0,2.333,10.0,
lex_prime_blueprint,2025-08-15T10:10:53+00:00,pc,,0.0,2.0,10.0,
lex_prime_receiver,2025-08-15T10:10:54+00:00,pc,,0.0,2.333,12.0,
lex_prime_set,2025-08-15T10:10:54+00:00,pc,3.5,2.0,9.667,23.0,
limbo_prime_blueprint,2025-08-15T10:10:55+00:00,pc,3.0,1.0,6.0,15.0,
limbo_prime_chassis_blueprint,2025-08-15T10:10:56+00:00,pc,34.0,17.0,44.333,16.0,
limbo_prime_neuroptics_blueprint,2025-08-15T10:10:57+00:00,pc,15.0,7.0,21.0,20.0,
limbo_prime_set,2025-08-15T10:10:57+00:00,pc,77.0,13.0,91.0,39.0,
limbo_prime_systems_blueprint,2025-08-15T10:10:58+00:00,pc,2.0,1.0,4.0,13.0,
loki_prime_blueprint,2025-08-15T10:10:59+00:00,pc,5.667,7.0,9.0,15.0,
loki_prime_chassis_blueprint,2025-08-15T10:10:59+00:00,pc,15.333,9.0,19.333,5.0,
loki_prime_neuroptics_blueprint,2025-08-15T10:11:00+00:00,pc,12.333,7.0,19.0,10.0,
loki_prime_set,2025-08-15T10:11:01+00:00,pc,71.0,21.0,76.0,47.0,
loki_prime_systems_blueprint,2025-08-15T10:11:01+00:00,pc,22.667,10.0,29.333,15.0,
mag_prime_blueprint,2025-08-15T10:11:02+00:00,pc,32.0,11.0,47.667,9.0,
mag_prime_chassis_blueprint,2025-08-15T10:11:03+00:00,pc,6.333,6.0,10.0,17.0,
mag_prime_neuroptics_blueprint,2025-08-15T10:11:04+00:00,pc,6.667,5.0,17.0,16.0,
mag_prime_set,2025-08-15T10:11:04+00:00,pc,90.0,24.0,89.333,39.0,
mag_prime_systems_blueprint,2025-08-15T10:11:05+00:00,pc,14.0,7.0,19.667,13.0,
magnus_prime_barrel,2025-08-15T10:11:06+00:00,pc,19.0,11.0,31.667,6.0,
magnus_prime_blueprint,2025-08-15T10:11:07+00:00,pc,,0.0,6.0,13.0,
magnus_prime_receiver,2025-08-15T10:11:07+00:00,pc,4.0,2.0,5.0,15.0,
magnus_prime_set,2025-08-15T10:11:08+00:00,pc,31.667,10.0,49.333,27.0,
masseter_prime_blade,2025-08-15T10:11:09+00:00,pc,6.667,5.0,4.667,21.0,
masseter_prime_blueprint,2025-08-15T10:11:10+00:00,pc,3.0,9.0,2.0,26.0,
masseter_prime_handle,2025-08-15T10:11:11+00:00,pc,,0.0,1.0,23.0,
masseter_prime_set,2025-08-15T10:11:11+00:00,pc,9.0,9.0,9.667,57.0,
mesa_prime_blueprint,2025-08-15T10:11:12+00:00,pc,2.0,3.0,5.0,40.0,
mesa_prime_chassis_blueprint,2025-08-15T10:11:13+00:00,pc,4.333,6.0,5.333,31.0,
mesa_prime_neuroptics_blueprint,2025-08-15T10:11:13+00:00,pc,22.667,10.0,32.0,17.0,
mesa_prime_set,2025-08-15T10:11:14+00:00,pc,61.0,20.0,73.0,62.0,
mesa_prime_systems_blueprint,2025-08-15T10:11:15+00:00,pc,17.0,11.0,21.0,21.0,
mirage_prime_blueprint,2025-08-15T10:11:16+00:00,pc,33.333,15.0,40.0,17.0,
mirage_prime_chassis_blueprint,2025-08-15T10:11:16+00:00,pc,3.333,3.0,9.333,20.0,
mirage_prime_neuroptics_blueprint,2025-08-15T10:11:17+00:00,pc,2.5,2.0,6.0,29.0,
mirage_prime_set,2025-08-15T10:11:18+00:00,pc,70.0,24.0,77.667,57.0,
mirage_prime_systems_blueprint,2025-08-15T10:11:19+00:00,pc,7.667,4.0,17.0,19.0,
nagantaka_prime_barrel,2025-08-15T10:11:20+00:00,pc,,0.0,6.667,16.0,
nagantaka_prime_blueprint,2025-08-15T10:11:20+00:00,pc,,,,,orders_fetch_failed: 502 Server Error: Bad Gateway for url: https://api.warframe.market/v1/items/nagantaka_prime_blueprint/orders
nagantaka_prime_receiver,2025-08-15T10:11:20+00:00,pc,,,,,orders_fetch_failed: 502 Server Error: Bad Gateway for url: https://api.warframe.market/v1/items/nagantaka_prime_receiver/orders
nagantaka_prime_set,2025-08-15T10:11:21+00:00,pc,,,,,orders_fetch_failed: 502 Server Error: Bad Gateway for url: https://api.warframe.market/v1/items/nagantaka_prime_set/orders
nagantaka_prime_stock,2025-08-15T10:11:21+00:00,pc,,0.0,6.667,14.0,
nami_skyla_prime_blade,2025-08-15T10:11:21+00:00,pc,24.667,7.0,29.667,7.0,
nami_skyla_prime_blueprint,2025-08-15T10:11:22+00:00,pc,2.0,3.0,8.0,11.0,
nami_skyla_prime_handle,2025-08-15T10:11:23+00:00,pc,3.0,1.0,6.333,11.0,
nami_skyla_prime_set,2025-08-15T10:11:23+00:00,pc,88.0,7.0,114.667,14.0,
nautilus_prime_blueprint,2025-08-15T10:11:24+00:00,pc,7.667,7.0,10.0,29.0,
nautilus_prime_carapace,2025-08-15T10:11:25+00:00,pc,1.333,3.0,3.333,21.0,
nautilus_prime_cerebrum,2025-08-15T10:11:26+00:00,pc,10.667,8.0,17.0,14.0,
nautilus_prime_set,2025-08-15T10:11:27+00:00,pc,29.0,14.0,39.667,57.0,
nautilus_prime_systems,2025-08-15T10:11:28+00:00,pc,1.667,4.0,2.667,34.0,
nekros_prime_blueprint,2025-08-15T10:11:28+00:00,pc,18.333,10.0,28.0,11.0,
nekros_prime_chassis_blueprint,2025-08-15T10:11:29+00:00,pc,7.0,7.0,9.333,22.0,
nekros_prime_neuroptics_blueprint,2025-08-15T10:11:30+00:00,pc,14.667,9.0,21.333,15.0,
nekros_prime_set,2025-08-15T10:11:30+00:00,pc,77.0,22.0,89.333,76.0,
nekros_prime_systems_blueprint,2025-08-15T10:11:31+00:00,pc,21.667,10.0,30.0,20.0,
nezha_prime_blueprint,2025-08-15T10:11:32+00:00,pc,2.0,3.0,7.0,25.0,
nezha_prime_chassis_blueprint,2025-08-15T10:11:32+00:00,pc,17.667,9.0,27.667,18.0,
nezha_prime_neuroptics_blueprint,2025-08-15T10:11:33+00:00,pc,16.667,8.0,29.333,14.0,
nezha_prime_set,2025-08-15T10:11:34+00:00,pc,69.0,16.0,76.333,39.0,
nezha_prime_systems_blueprint,2025-08-15T10:11:34+00:00,pc,1.0,1.0,4.333,26.0,
nidus_prime_blueprint,2025-08-15T10:11:35+00:00,pc,3.0,2.0,5.333,25.0,
nidus_prime_chassis_blueprint,2025-08-15T10:11:36+00:00,pc,14.667,4.0,21.0,17.0,
nidus_prime_neuroptics_blueprint,2025-08-15T10:11:36+00:00,pc,23.0,14.0,35.0,17.0,
nidus_prime_set,2025-08-15T10:11:37+00:00,pc,63.667,16.0,67.667,47.0,
nidus_prime_systems_blueprint,2025-08-15T10:11:38+00:00,pc,1.0,1.0,4.333,20.0,
nikana_prime_blade,2025-08-15T10:11:39+00:00,pc,15.333,4.0,19.667,13.0,
nikana_prime_blueprint,2025-08-15T10:11:39+00:00,pc,,0.0,8.667,18.0,
nikana_prime_hilt,2025-08-15T10:11:40+00:00,pc,34.0,8.0,49.333,13.0,
nikana_prime_set,2025-08-15T10:11:41+00:00,pc,68.0,10.0,83.333,40.0,
ninkondi_prime_blueprint,2025-08-15T10:11:41+00:00,pc,2.0,2.0,5.333,20.0,
ninkondi_prime_chain,2025-08-15T10:11:42+00:00,pc,2.0,2.0,4.333,15.0,
ninkondi_prime_handle,2025-08-15T10:11:43+00:00,pc,10.0,7.0,16.0,15.0,
ninkondi_prime_set,2025-08-15T10:11:43+00:00,pc,38.333,6.0,48.0,39.0,
nova_prime_blueprint,2025-08-15T10:11:44+00:00,pc,10.0,6.0,18.667,13.0,
nova_prime_chassis_blueprint,2025-08-15T10:11:45+00:00,pc,48.333,14.0,60.0,18.0,
nova_prime_neuroptics_blueprint,2025-08-15T10:11:45+00:00,pc,10.0,5.0,14.667,18.0,
nova_prime_set,2025-08-15T10:11:46+00:00,pc,99.333,23.0,113.333,33.0,
nova_prime_systems_blueprint,2025-08-15T10:11:47+00:00,pc,8.667,5.0,10.667,17.0,
nyx_prime_blueprint,2025-08-15T10:11:48+00:00,pc,5.667,4.0,9.667,19.0,
nyx_prime_chassis_blueprint,2025-08-15T10:11:48+00:00,pc,7.333,7.0,11.333,11.0,
nyx_prime_neuroptics_blueprint,2025-08-15T10:11:49+00:00,pc,37.667,18.0,47.333,19.0,
nyx_prime_set,2025-08-15T10:11:50+00:00,pc,82.333,14.0,94.667,55.0,
nyx_prime_systems_blueprint,2025-08-15T10:11:51+00:00,pc,7.0,6.0,9.333,20.0,
oberon_prime_blueprint,2025-08-15T10:11:51+00:00,pc,7.667,7.0,8.333,16.0,
oberon_prime_chassis_blueprint,2025-08-15T10:11:52+00:00,pc,3.0,2.0,7.667,26.0,
oberon_prime_neuroptics_blueprint,2025-08-15T10:11:53+00:00,pc,17.333,15.0,30.667,9.0,
oberon_prime_set,2025-08-15T10:11:53+00:00,pc,58.667,14.0,68.667,43.0,
oberon_prime_systems_blueprint,2025-08-15T10:11:54+00:00,pc,5.333,3.0,10.0,17.0,
octavia_prime_blueprint,2025-08-15T10:11:55+00:00,pc,47.0,17.0,54.667,14.0,
octavia_prime_chassis_blueprint,2025-08-15T10:11:55+00:00,pc,6.0,6.0,9.0,20.0,
octavia_prime_neuroptics_blueprint,2025-08-15T10:11:56+00:00,pc,1.5,2.0,4.0,33.0,
octavia_prime_set,2025-08-15T10:11:57+00:00,pc,72.333,20.0,89.333,43.0,
octavia_prime_systems_blueprint,2025-08-15T10:11:58+00:00,pc,4.0,6.0,8.667,31.0,
odonata_prime_blueprint,2025-08-15T10:11:58+00:00,pc,,0.0,4.667,21.0,
odonata_prime_harness_blueprint,2025-08-15T10:11:59+00:00,pc,2.0,1.0,9.667,8.0,
odonata_prime_set,2025-08-15T10:12:00+00:00,pc,29.0,10.0,38.0,43.0,
odonata_prime_systems_blueprint,2025-08-15T10:12:01+00:00,pc,,0.0,5.333,18.0,
odonata_prime_wings_blueprint,2025-08-15T10:12:01+00:00,pc,10.0,7.0,28.0,6.0,
okina_prime_blade,2025-08-15T10:12:02+00:00,pc,,0.0,2.0,25.0,
okina_prime_blueprint,2025-08-15T10:12:03+00:00,pc,6.667,7.0,8.333,19.0,
okina_prime_handle,2025-08-15T10:12:03+00:00,pc,1.667,7.0,1.667,28.0,
okina_prime_set,2025-08-15T10:12:04+00:00,pc,16.0,4.0,24.667,56.0,
orthos_prime_blade,2025-08-15T10:12:05+00:00,pc,1.5,2.0,2.333,20.0,
orthos_prime_blueprint,2025-08-15T10:12:05+00:00,pc,1.667,4.0,2.0,20.0,
orthos_prime_handle,2025-08-15T10:12:06+00:00,pc,,0.0,1.667,20.0,
orthos_prime_set,2025-08-15T10:12:07+00:00,pc,7.333,10.0,7.0,55.0,
pandero_prime_barrel,2025-08-15T10:12:07+00:00,pc,,0.0,4.0,14.0,
pandero_prime_blueprint,2025-08-15T10:12:08+00:00,pc,2.0,1.0,4.667,11.0,
pandero_prime_receiver,2025-08-15T10:12:09+00:00,pc,15.0,10.0,28.0,10.0,
pandero_prime_set,2025-08-15T10:12:09+00:00,pc,15.0,3.0,34.667,24.0,
pangolin_prime_blade,2025-08-15T10:12:10+00:00,pc,,0.0,6.667,9.0,
pangolin_prime_blueprint,2025-08-15T10:12:10+00:00,pc,7.0,4.0,9.333,13.0,
pangolin_prime_handle,2025-08-15T10:12:11+00:00,pc,3.5,2.0,5.0,20.0,
pangolin_prime_set,2025-08-15T10:12:13+00:00,pc,15.0,6.0,26.0,40.0,
panthera_prime_barrel,2025-08-15T10:12:14+00:00,pc,12.5,2.0,28.333,5.0,
panthera_prime_blueprint,2025-08-15T10:12:14+00:00,pc,,0.0,4.333,19.0,
panthera_prime_receiver,2025-08-15T10:12:15+00:00,pc,5.667,3.0,12.333,14.0,
panthera_prime_set,2025-08-15T10:12:16+00:00,pc,32.333,5.0,50.0,24.0,
panthera_prime_stock,2025-08-15T10:12:17+00:00,pc,,0.0,5.0,14.0,
paris_prime_blueprint,2025-08-15T10:12:17+00:00,pc,,0.0,2.0,16.0,
paris_prime_grip,2025-08-15T10:12:18+00:00,pc,1.333,3.0,2.0,19.0,
paris_prime_lower_limb,2025-08-15T10:12:19+00:00,pc,,0.0,2.333,15.0,
paris_prime_set,2025-08-15T10:12:19+00:00,pc,6.0,6.0,6.667,45.0,
paris_prime_string,2025-08-15T10:12:20+00:00,pc,,0.0,1.0,19.0,
paris_prime_upper_limb,2025-08-15T10:12:21+00:00,pc,1.0,1.0,1.0,22.0,
phantasma_prime_barrel,2025-08-15T10:12:21+00:00,pc,8.0,4.0,25.0,5.0,
phantasma_prime_blueprint,2025-08-15T10:12:22+00:00,pc,2.0,3.0,3.667,22.0,
phantasma_prime_receiver,2025-08-15T10:12:23+00:00,pc,,0.0,4.0,15.0,
phantasma_prime_set,2025-08-15T10:12:23+00:00,pc,37.667,11.0,47.667,26.0,
phantasma_prime_stock,2025-08-15T10:12:24+00:00,pc,7.333,5.0,17.667,8.0,
protea_prime_blueprint,2025-08-15T10:12:25+00:00,pc,1.5,2.0,1.0,46.0,
protea_prime_chassis_blueprint,2025-08-15T10:12:26+00:00,pc,15.333,15.0,17.333,26.0,
protea_prime_neuroptics_blueprint,2025-08-15T10:12:26+00:00,pc,2.333,4.0,2.0,39.0,
protea_prime_set,2025-08-15T10:12:27+00:00,pc,29.0,14.0,32.667,82.0,
protea_prime_systems_blueprint,2025-08-15T10:12:28+00:00,pc,7.333,6.0,7.333,24.0,
pyrana_prime_barrel,2025-08-15T10:12:30+00:00,pc,3.0,1.0,4.0,23.0,
pyrana_prime_blueprint,2025-08-15T10:12:31+00:00,pc,13.667,3.0,33.333,5.0,
pyrana_prime_receiver,2025-08-15T10:12:31+00:00,pc,3.5,2.0,5.667,15.0,
pyrana_prime_set,2025-08-15T10:12:32+00:00,pc,32.0,4.0,43.333,33.0,
quassus_prime_blade,2025-08-15T10:12:33+00:00,pc,6.333,7.0,7.333,30.0,
quassus_prime_blueprint,2025-08-15T10:12:33+00:00,pc,2.0,5.0,1.333,31.0,
quassus_prime_handle,2025-08-15T10:12:34+00:00,pc,2.0,1.0,3.0,19.0,
quassus_prime_set,2025-08-15T10:12:34+00:00,pc,23.667,7.0,29.333,45.0,
reaper_prime_blade,2025-08-15T10:12:35+00:00,pc,4.667,3.0,9.667,14.0,
reaper_prime_blueprint,2025-08-15T10:12:36+00:00,pc,4.0,2.0,8.667,10.0,
reaper_prime_handle,2025-08-15T10:12:36+00:00,pc,3.667,5.0,11.667,6.0,
reaper_prime_set,2025-08-15T10:12:37+00:00,pc,26.333,3.0,34.667,34.0,
redeemer_prime_blade,2025-08-15T10:12:38+00:00,pc,2.0,3.0,4.0,20.0,
redeemer_prime_blueprint,2025-08-15T10:12:39+00:00,pc,1.0,1.0,3.667,17.0,
redeemer_prime_handle,2025-08-15T10:12:39+00:00,pc,22.333,7.0,34.667,8.0,
redeemer_prime_set,2025-08-15T10:12:40+00:00,pc,23.667,4.0,42.667,36.0,
revenant_prime_blueprint,2025-08-15T10:12:41+00:00,pc,15.333,10.0,24.667,14.0,
revenant_prime_chassis_blueprint,2025-08-15T10:12:41+00:00,pc,2.333,3.0,5.0,17.0,
revenant_prime_neuroptics_blueprint,2025-08-15T10:12:42+00:00,pc,1.5,2.0,6.333,31.0,
revenant_prime_set,2025-08-15T10:12:43+00:00,pc,40.0,19.0,49.0,81.0,
revenant_prime_systems_blueprint,2025-08-15T10:12:43+00:00,pc,2.0,1.0,8.333,21.0,
rhino_prime_blueprint,2025-08-15T10:12:44+00:00,pc,17.333,10.0,25.0,15.0,
rhino_prime_chassis_blueprint,2025-08-15T10:12:45+00:00,pc,5.5,2.0,10.0,16.0,
rhino_prime_neuroptics_blueprint,2025-08-15T10:12:46+00:00,pc,11.667,10.0,15.667,17.0,
rhino_prime_set,2025-08-15T10:12:46+00:00,pc,58.0,17.0,69.0,67.0,
rhino_prime_systems_blueprint,2025-08-15T10:12:47+00:00,pc,5.667,7.0,7.667,31.0,
rubico_prime_barrel,2025-08-15T10:12:48+00:00,pc,1.5,2.0,6.0,24.0,
rubico_prime_blueprint,2025-08-15T10:12:49+00:00,pc,17.0,5.0,30.667,10.0,
rubico_prime_receiver,2025-08-15T10:12:50+00:00,pc,1.0,3.0,5.0,16.0,
rubico_prime_set,2025-08-15T10:12:50+00:00,pc,38.333,6.0,50.0,33.0,
rubico_prime_stock,2025-08-15T10:12:51+00:00,pc,,0.0,8.0,13.0,
saryn_prime_blueprint,2025-08-15T10:12:52+00:00,pc,12.667,12.0,17.333,31.0,
saryn_prime_chassis_blueprint,2025-08-15T10:12:52+00:00,pc,35.333,19.0,44.333,19.0,
saryn_prime_neuroptics_blueprint,2025-08-15T10:12:53+00:00,pc,8.0,10.0,9.667,22.0,
saryn_prime_set,2025-08-15T10:12:54+00:00,pc,75.333,20.0,84.333,59.0,
saryn_prime_systems_blueprint,2025-08-15T10:12:55+00:00,pc,6.0,7.0,8.333,32.0,
scindo_prime_blade,2025-08-15T10:12:56+00:00,pc,5.0,2.0,14.0,12.0,
scindo_prime_blueprint,2025-08-15T10:12:56+00:00,pc,2.0,1.0,4.0,18.0,
scindo_prime_handle,2025-08-15T10:12:57+00:00,pc,4.0,1.0,5.333,15.0,
scindo_prime_set,2025-08-15T10:12:57+00:00,pc,18.333,4.0,28.333,32.0,
scourge_prime_barrel,2025-08-15T10:12:58+00:00,pc,26.0,7.0,32.333,12.0,
scourge_prime_blade,2025-08-15T10:12:59+00:00,pc,3.0,2.0,3.667,14.0,
scourge_prime_blueprint,2025-08-15T10:12:59+00:00,pc,6.667,4.0,11.333,12.0,
scourge_prime_handle,2025-08-15T10:13:00+00:00,pc,3.333,5.0,7.667,10.0,
scourge_prime_set,2025-08-15T10:13:01+00:00,pc,55.0,15.0,76.667,18.0,
sevagoth_prime_blueprint,2025-08-15T10:13:02+00:00,pc,2.0,5.0,3.0,28.0,
sevagoth_prime_chassis_blueprint,2025-08-15T10:13:02+00:00,pc,8.0,9.0,11.333,33.0,
sevagoth_prime_neuroptics_blueprint,2025-08-15T10:13:03+00:00,pc,1.5,2.0,1.333,41.0,
sevagoth_prime_set,2025-08-15T10:13:04+00:00,pc,20.667,17.0,20.0,129.0,
sevagoth_prime_systems_blueprint,2025-08-15T10:13:05+00:00,pc,1.5,2.0,1.667,28.0,
shade_prime_blueprint,2025-08-15T10:13:06+00:00,pc,1.0,1.0,5.0,24.0,
shade_prime_carapace,2025-08-15T10:13:07+00:00,pc,10.667,8.0,23.333,5.0,
shade_prime_cerebrum,2025-08-15T10:13:07+00:00,pc,2.0,2.0,4.0,19.0,
shade_prime_set,2025-08-15T10:13:08+00:00,pc,20.0,8.0,32.667,38.0,
shade_prime_systems,2025-08-15T10:13:09+00:00,pc,1.0,2.0,2.667,23.0,
sicarus_prime_barrel,2025-08-15T10:13:09+00:00,pc,3.333,3.0,10.333,8.0,
sicarus_prime_blueprint,2025-08-15T10:13:10+00:00,pc,2.0,1.0,5.333,17.0,
sicarus_prime_receiver,2025-08-15T10:13:11+00:00,pc,20.0,9.0,36.333,10.0,
sicarus_prime_set,2025-08-15T10:13:11+00:00,pc,32.667,5.0,53.333,34.0,
silva_and_aegis_prime_blade,2025-08-15T10:13:12+00:00,pc,,0.0,5.0,9.0,
silva_and_aegis_prime_blueprint,2025-08-15T10:13:13+00:00,pc,2.0,1.0,8.0,6.0,
silva_and_aegis_prime_guard,2025-08-15T10:13:13+00:00,pc,8.333,3.0,17.333,11.0,
silva_and_aegis_prime_hilt,2025-08-15T10:13:14+00:00,pc,2.0,1.0,4.0,15.0,
silva_and_aegis_prime_set,2025-08-15T10:13:15+00:00,pc,23.333,9.0,37.667,26.0,
soma_prime_barrel,2025-08-15T10:13:15+00:00,pc,3.333,3.0,10.333,14.0,
soma_prime_blueprint,2025-08-15T10:13:16+00:00,pc,,0.0,8.667,19.0,
soma_prime_receiver,2025-08-15T10:13:17+00:00,pc,8.5,2.0,12.0,12.0,
soma_prime_set,2025-08-15T10:13:17+00:00,pc,48.333,6.0,91.333,30.0,
soma_prime_stock,2025-08-15T10:13:18+00:00,pc,22.333,5.0,43.0,5.0,
spira_prime_blade,2025-08-15T10:13:19+00:00,pc,11.333,8.0,19.0,9.0,
spira_prime_blueprint,2025-08-15T10:13:20+00:00,pc,2.0,1.0,4.333,9.0,
spira_prime_pouch,2025-08-15T10:13:20+00:00,pc,21.667,9.0,29.667,10.0,
spira_prime_set,2025-08-15T10:13:21+00:00,pc,100.0,12.0,119.667,18.0,
stradavar_prime_barrel,2025-08-15T10:13:22+00:00,pc,2.0,1.0,3.0,21.0,
stradavar_prime_blueprint,2025-08-15T10:13:22+00:00,pc,7.0,2.0,9.333,29.0,
stradavar_prime_receiver,2025-08-15T10:13:23+00:00,pc,2.0,2.0,5.0,20.0,
stradavar_prime_set,2025-08-15T10:13:24+00:00,pc,15.333,3.0,30.0,41.0,
stradavar_prime_stock,2025-08-15T10:13:24+00:00,pc,2.5,2.0,7.667,13.0,
strun_prime_barrel,2025-08-15T10:13:25+00:00,pc,,0.0,8.333,12.0,
strun_prime_blueprint,2025-08-15T10:13:26+00:00,pc,9.0,3.0,19.667,21.0,
strun_prime_receiver,2025-08-15T10:13:27+00:00,pc,2.5,2.0,6.333,11.0,
strun_prime_set,2025-08-15T10:13:27+00:00,pc,35.0,10.0,50.0,39.0,
strun_prime_stock,2025-08-15T10:13:28+00:00,pc,4.0,1.0,5.667,12.0,
sybaris_prime_barrel,2025-08-15T10:13:29+00:00,pc,13.333,4.0,24.667,17.0,
sybaris_prime_blueprint,2025-08-15T10:13:29+00:00,pc,2.0,1.0,4.667,20.0,
sybaris_prime_receiver,2025-08-15T10:13:30+00:00,pc,,0.0,7.0,19.0,
sybaris_prime_set,2025-08-15T10:13:30+00:00,pc,38.333,13.0,55.0,28.0,
sybaris_prime_stock,2025-08-15T10:13:32+00:00,pc,4.0,2.0,5.333,10.0,
tatsu_prime_blade,2025-08-15T10:13:32+00:00,pc,1.0,1.0,3.667,21.0,
tatsu_prime_blueprint,2025-08-15T10:13:33+00:00,pc,1.0,2.0,2.333,26.0,
tatsu_prime_handle,2025-08-15T10:13:33+00:00,pc,6.333,3.0,17.0,10.0,
tatsu_prime_set,2025-08-15T10:13:34+00:00,pc,12.667,8.0,23.667,35.0,
tekko_prime_blade,2025-08-15T10:13:35+00:00,pc,16.333,10.0,20.0,10.0,
tekko_prime_blueprint,2025-08-15T10:13:35+00:00,pc,,0.0,4.333,12.0,
tekko_prime_gauntlet,2025-08-15T10:13:36+00:00,pc,3.667,3.0,6.667,19.0,
tekko_prime_set,2025-08-15T10:13:37+00:00,pc,47.667,9.0,88.333,22.0,
tenora_prime_barrel,2025-08-15T10:13:37+00:00,pc,6.333,3.0,18.667,6.0,
tenora_prime_blueprint,2025-08-15T10:13:38+00:00,pc,,0.0,2.667,17.0,
tenora_prime_receiver,2025-08-15T10:13:39+00:00,pc,20.0,13.0,30.667,8.0,
tenora_prime_set,2025-08-15T10:13:39+00:00,pc,39.0,6.0,64.0,22.0,
tenora_prime_stock,2025-08-15T10:13:40+00:00,pc,6.667,5.0,7.333,18.0,
tiberon_prime_barrel,2025-08-15T10:13:41+00:00,pc,,0.0,13.333,8.0,
tiberon_prime_blueprint,2025-08-15T10:13:42+00:00,pc,,0.0,4.667,11.0,
tiberon_prime_receiver,2025-08-15T10:13:42+00:00,pc,5.0,1.0,7.0,15.0,
tiberon_prime_set,2025-08-15T10:13:43+00:00,pc,36.0,11.0,52.333,21.0,
tiberon_prime_stock,2025-08-15T10:13:44+00:00,pc,12.0,1.0,19.667,10.0,
tigris_prime_barrel,2025-08-15T10:13:44+00:00,pc,,0.0,3.667,15.0,
tigris_prime_blueprint,2025-08-15T10:13:45+00:00,pc,7.0,3.0,13.333,13.0,
tigris_prime_receiver,2025-08-15T10:13:46+00:00,pc,,0.0,9.333,10.0,
tigris_prime_set,2025-08-15T10:13:46+00:00,pc,10.0,4.0,35.0,38.0,
tigris_prime_stock,2025-08-15T10:13:47+00:00,pc,,0.0,6.333,14.0,
tipedo_prime_blueprint,2025-08-15T10:13:48+00:00,pc,2.667,3.0,4.333,22.0,
tipedo_prime_handle,2025-08-15T10:13:48+00:00,pc,11.0,5.0,17.667,14.0,
tipedo_prime_ornament,2025-08-15T10:13:49+00:00,pc,5.333,5.0,9.667,15.0,
tipedo_prime_set,2025-08-15T10:13:50+00:00,pc,32.0,6.0,52.0,45.0,
titania_prime_blueprint,2025-08-15T10:13:51+00:00,pc,5.667,4.0,7.333,21.0,
titania_prime_chassis_blueprint,2025-08-15T10:13:51+00:00,pc,3.667,5.0,6.333,35.0,
titania_prime_neuroptics_blueprint,2025-08-15T10:13:52+00:00,pc,2.667,3.0,6.0,42.0,
titania_prime_set,2025-08-15T10:13:53+00:00,pc,52.0,21.0,60.0,92.0,
titania_prime_systems_blueprint,2025-08-15T10:13:54+00:00,pc,26.667,14.0,34.0,22.0,
trinity_prime_blueprint,2025-08-15T10:13:54+00:00,pc,6.0,4.0,13.0,15.0,
trinity_prime_chassis_blueprint,2025-08-15T10:13:55+00:00,pc,2.5,2.0,9.333,19.0,
trinity_prime_neuroptics_blueprint,2025-08-15T10:13:56+00:00,pc,5.0,6.0,10.333,18.0,
trinity_prime_set,2025-08-15T10:13:56+00:00,pc,46.0,10.0,60.0,47.0,
trinity_prime_systems_blueprint,2025-08-15T10:13:57+00:00,pc,4.667,4.0,9.333,14.0,
trumna_prime_barrel,2025-08-15T10:13:58+00:00,pc,7.0,5.0,10.0,17.0,
trumna_prime_blueprint,2025-08-15T10:13:59+00:00,pc,,0.0,1.0,26.0,
trumna_prime_receiver,2025-08-15T10:13:59+00:00,pc,6.5,2.0,10.0,16.0,
trumna_prime_set,2025-08-15T10:14:00+00:00,pc,19.667,11.0,30.0,41.0,
trumna_prime_stock,2025-08-15T10:14:01+00:00,pc,2.0,5.0,1.667,22.0,
valkyr_prime_blueprint,2025-08-15T10:14:02+00:00,pc,2.0,3.0,6.667,26.0,
valkyr_prime_chassis_blueprint,2025-08-15T10:14:02+00:00,pc,44.333,26.0,50.667,16.0,
valkyr_prime_neuroptics_blueprint,2025-08-15T10:14:03+00:00,pc,6.667,6.0,13.667,31.0,
valkyr_prime_set,2025-08-15T10:14:04+00:00,pc,95.333,21.0,106.333,37.0,
valkyr_prime_systems_blueprint,2025-08-15T10:14:04+00:00,pc,15.0,7.0,22.667,23.0,
vasto_prime_barrel,2025-08-15T10:14:05+00:00,pc,2.667,3.0,7.333,12.0,
vasto_prime_blueprint,2025-08-15T10:14:06+00:00,pc,1.0,1.0,4.667,10.0,
vasto_prime_receiver,2025-08-15T10:14:07+00:00,pc,2.667,3.0,9.667,7.0,
vasto_prime_set,2025-08-15T10:14:07+00:00,pc,13.333,6.0,22.0,37.0,
vauban_prime_blueprint,2025-08-15T10:14:08+00:00,pc,13.667,14.0,18.333,19.0,
vauban_prime_chassis_blueprint,2025-08-15T10:14:09+00:00,pc,15.667,8.0,20.0,14.0,
vauban_prime_neuroptics_blueprint,2025-08-15T10:14:09+00:00,pc,30.0,12.0,32.333,16.0,
vauban_prime_set,2025-08-15T10:14:10+00:00,pc,124.0,16.0,135.667,35.0,
vauban_prime_systems_blueprint,2025-08-15T10:14:11+00:00,pc,37.333,20.0,41.667,19.0,
vectis_prime_barrel,2025-08-15T10:14:11+00:00,pc,4.0,2.0,13.0,15.0,
vectis_prime_blueprint,2025-08-15T10:14:12+00:00,pc,3.0,1.0,5.667,15.0,
vectis_prime_receiver,2025-08-15T10:14:13+00:00,pc,26.333,8.0,36.333,10.0,
vectis_prime_set,2025-08-15T10:14:13+00:00,pc,73.0,11.0,89.667,33.0,
vectis_prime_stock,2025-08-15T10:14:14+00:00,pc,8.667,3.0,16.0,7.0,
velox_prime_barrel,2025-08-15T10:14:15+00:00,pc,6.0,2.0,10.0,15.0,
velox_prime_blueprint,2025-08-15T10:14:15+00:00,pc,1.667,8.0,1.667,33.0,
velox_prime_receiver,2025-08-15T10:14:16+00:00,pc,,0.0,1.667,24.0,
velox_prime_set,2025-08-15T10:14:17+00:00,pc,10.0,10.0,13.333,52.0,
venka_prime_blades,2025-08-15T10:14:17+00:00,pc,2.667,3.0,6.333,14.0,
venka_prime_blueprint,2025-08-15T10:14:18+00:00,pc,,0.0,4.333,20.0,
venka_prime_gauntlet,2025-08-15T10:14:19+00:00,pc,25.0,13.0,31.333,21.0,
venka_prime_set,2025-08-15T10:14:19+00:00,pc,78.333,6.0,90.0,36.0,
volnus_prime_blueprint,2025-08-15T10:14:20+00:00,pc,,0.0,3.667,20.0,
volnus_prime_handle,2025-08-15T10:14:21+00:00,pc,9.333,4.0,13.0,17.0,
volnus_prime_head,2025-08-15T10:14:21+00:00,pc,2.0,2.0,5.0,15.0,
volnus_prime_set,2025-08-15T10:14:22+00:00,pc,23.333,6.0,27.667,37.0,
volt_prime_blueprint,2025-08-15T10:14:23+00:00,pc,18.0,7.0,24.667,18.0,
volt_prime_chassis_blueprint,2025-08-15T10:14:24+00:00,pc,2.0,1.0,6.333,46.0,
volt_prime_neuroptics_blueprint,2025-08-15T10:14:24+00:00,pc,15.0,8.0,18.333,26.0,
volt_prime_set,2025-08-15T10:14:25+00:00,pc,71.667,11.0,76.667,78.0,
volt_prime_systems_blueprint,2025-08-15T10:14:26+00:00,pc,11.667,6.0,16.667,19.0,
wisp_prime_blueprint,2025-08-15T10:14:27+00:00,pc,20.0,23.0,34.667,10.0,
wisp_prime_chassis_blueprint,2025-08-15T10:14:28+00:00,pc,11.333,15.0,15.0,21.0,
wisp_prime_neuroptics_blueprint,2025-08-15T10:14:29+00:00,pc,2.333,4.0,3.0,37.0,
wisp_prime_set,2025-08-15T10:14:29+00:00,pc,47.667,31.0,51.333,89.0,
wisp_prime_systems_blueprint,2025-08-15T10:14:30+00:00,pc,2.667,9.0,4.0,24.0,
wukong_prime_blueprint,2025-08-15T10:14:31+00:00,pc,18.0,13.0,22.333,34.0,
wukong_prime_chassis_blueprint,2025-08-15T10:14:32+00:00,pc,6.333,6.0,9.333,17.0,
wukong_prime_neuroptics_blueprint,2025-08-15T10:14:32+00:00,pc,5.667,10.0,6.0,40.0,
wukong_prime_set,2025-08-15T10:14:33+00:00,pc,50.667,22.0,59.667,103.0,
wukong_prime_systems_blueprint,2025-08-15T10:14:34+00:00,pc,8.667,9.0,12.333,28.0,
wyrm_prime_blueprint,2025-08-15T10:14:35+00:00,pc,4.667,3.0,11.667,8.0,
wyrm_prime_carapace,2025-08-15T10:14:35+00:00,pc,10.333,4.0,14.667,11.0,
wyrm_prime_cerebrum,2025-08-15T10:14:36+00:00,pc,5.667,3.0,18.667,8.0,
wyrm_prime_set,2025-08-15T10:14:36+00:00,pc,70.0,21.0,80.0,31.0,
wyrm_prime_systems,2025-08-15T10:14:37+00:00,pc,17.667,6.0,32.667,11.0,
xaku_prime_blueprint,2025-08-15T10:14:38+00:00,pc,9.333,15.0,16.0,21.0,
xaku_prime_chassis_blueprint,2025-08-15T10:14:39+00:00,pc,1.667,3.0,8.667,31.0,
xaku_prime_neuroptics_blueprint,2025-08-15T10:14:39+00:00,pc,1.0,1.0,1.0,55.0,
xaku_prime_set,2025-08-15T10:14:40+00:00,pc,29.333,20.0,33.0,86.0,
xaku_prime_systems_blueprint,2025-08-15T10:14:41+00:00,pc,3.667,4.0,8.667,33.0,
yareli_prime_blueprint,2025-08-15T10:14:42+00:00,pc,1.5,2.0,4.667,39.0,
yareli_prime_chassis_blueprint,2025-08-15T10:14:43+00:00,pc,1.0,3.0,2.667,31.0,
yareli_prime_neuroptics_blueprint,2025-08-15T10:14:43+00:00,pc,7.0,6.0,8.333,36.0,
yareli_prime_set,2025-08-15T10:14:44+00:00,pc,48.333,22.0,52.667,83.0,
yareli_prime_systems_blueprint,2025-08-15T10:14:45+00:00,pc,21.667,17.0,29.333,21.0,
zakti_prime_barrel,2025-08-15T10:14:46+00:00,pc,,0.0,4.333,11.0,
zakti_prime_blueprint,2025-08-15T10:14:46+00:00,pc,8.0,1.0,19.667,15.0,
zakti_prime_receiver,2025-08-15T10:14:47+00:00,pc,,0.0,5.333,16.0,
zakti_prime_set,2025-08-15T10:14:48+00:00,pc,23.5,2.0,34.667,26.0,
zephyr_prime_blueprint,2025-08-15T10:14:49+00:00,pc,4.0,2.0,15.0,22.0,
zephyr_prime_chassis_blueprint,2025-08-15T10:14:49+00:00,pc,2.0,3.0,6.0,20.0,
zephyr_prime_neuroptics_blueprint,2025-08-15T10:14:50+00:00,pc,1.5,2.0,4.667,21.0,
zephyr_prime_set,2025-08-15T10:14:50+00:00,pc,70.0,16.0,74.333,49.0,
zephyr_prime_systems_blueprint,2025-08-15T10:14:51+00:00,pc,23.333,8.0,33.0,24.0,
zhuge_prime_barrel,2025-08-15T10:14:52+00:00,pc,6.0,2.0,10.0,21.0,
zhuge_prime_blueprint,2025-08-15T10:14:52+00:00,pc,,0.0,5.0,16.0,
zhuge_prime_grip,2025-08-15T10:14:53+00:00,pc,,0.0,3.667,14.0,
zhuge_prime_receiver,2025-08-15T10:14:54+00:00,pc,,0.0,4.0,26.0,
zhuge_prime_set,2025-08-15T10:14:54+00:00,pc,30.0,6.0,35.0,30.0,
zhuge_prime_string,2025-08-15T10:14:55+00:00,pc,2.5,2.0,5.0,14.0,
zylok_prime_barrel,2025-08-15T10:14:56+00:00,pc,1.0,2.0,3.333,11.0,
zylok_prime_blueprint,2025-08-15T10:14:56+00:00,pc,6.667,7.0,6.667,27.0,
zylok_prime_receiver,2025-08-15T10:14:57+00:00,pc,1.667,6.0,1.667,33.0,
zylok_prime_set,2025-08-15T10:14:58+00:00,pc,9.0,12.0,10.0,59.0,
