set_url,platform,part_url,quantity_for_set,unit_cost_latest,buy_med_latest,sell_med_latest,sell_depth_med_latest,latest_date_part,unit_cost_source
acceltra_prime_set,pc,acceltra_prime_barrel,1,6.333,6.333,7.0,31.0,2025-09-09 00:00:00+00:00,BUY
acceltra_prime_set,pc,acceltra_prime_blueprint,1,1.0,,1.0,22.0,2025-09-09 00:00:00+00:00,SELL
acceltra_prime_set,pc,acceltra_prime_receiver,1,1.667,1.667,3.0,22.0,2025-09-09 00:00:00+00:00,BUY
acceltra_prime_set,pc,acceltra_prime_stock,1,6.333,6.333,9.0,15.0,2025-09-09 00:00:00+00:00,BUY
afuris_prime_set,pc,afuris_prime_barrel,2,3.667,,3.667,16.0,2025-09-09 00:00:00+00:00,SELL
afuris_prime_set,pc,afuris_prime_blueprint,1,3.0,,3.0,12.0,2025-09-09 00:00:00+00:00,SELL
afuris_prime_set,pc,afuris_prime_link,1,1.5,1.5,4.667,13.0,2025-09-09 00:00:00+00:00,BUY
afuris_prime_set,pc,afuris_prime_receiver,2,26.0,26.0,39.333,11.0,2025-09-09 00:00:00+00:00,BUY
akarius_prime_set,pc,akarius_prime_barrel,2,1.667,1.667,2.667,17.0,2025-09-09 00:00:00+00:00,BUY
akarius_prime_set,pc,akarius_prime_blueprint,1,7.667,7.667,8.0,19.0,2025-09-09 00:00:00+00:00,BUY
akarius_prime_set,pc,akarius_prime_link,1,1.667,1.667,2.0,26.0,2025-09-09 00:00:00+00:00,BUY
akarius_prime_set,pc,akarius_prime_receiver,2,7.333,7.333,9.0,26.0,2025-09-09 00:00:00+00:00,BUY
akbolto_prime_set,pc,akbolto_prime_barrel,2,2.5,2.5,9.667,6.0,2025-09-09 00:00:00+00:00,BUY
akbolto_prime_set,pc,akbolto_prime_blueprint,1,4.667,,4.667,9.0,2025-09-09 00:00:00+00:00,SELL
akbolto_prime_set,pc,akbolto_prime_link,1,1.0,1.0,6.0,11.0,2025-09-09 00:00:00+00:00,BUY
akbolto_prime_set,pc,akbolto_prime_receiver,2,18.333,18.333,25.667,10.0,2025-09-09 00:00:00+00:00,BUY
akbronco_prime_set,pc,akbronco_prime_blueprint,1,2.0,,2.0,18.0,2025-09-09 00:00:00+00:00,SELL
akbronco_prime_set,pc,akbronco_prime_link,1,2.0,2.0,3.0,15.0,2025-09-09 00:00:00+00:00,BUY
akjagara_prime_set,pc,akjagara_prime_barrel,2,12.667,12.667,27.667,8.0,2025-09-09 00:00:00+00:00,BUY
akjagara_prime_set,pc,akjagara_prime_blueprint,1,3.667,,3.667,8.0,2025-09-09 00:00:00+00:00,SELL
akjagara_prime_set,pc,akjagara_prime_link,1,4.5,4.5,6.0,6.0,2025-09-09 00:00:00+00:00,BUY
akjagara_prime_set,pc,akjagara_prime_receiver,2,7.0,7.0,10.0,7.0,2025-09-09 00:00:00+00:00,BUY
aklex_prime_set,pc,aklex_prime_blueprint,1,2.0,2.0,4.333,15.0,2025-09-09 00:00:00+00:00,BUY
aklex_prime_set,pc,aklex_prime_link,1,11.667,11.667,30.0,13.0,2025-09-09 00:00:00+00:00,BUY
akmagnus_prime_set,pc,akmagnus_prime_blueprint,1,15.0,15.0,36.667,8.0,2025-09-09 00:00:00+00:00,BUY
akmagnus_prime_set,pc,akmagnus_prime_link,1,20.0,20.0,41.667,6.0,2025-09-09 00:00:00+00:00,BUY
aksomati_prime_set,pc,aksomati_prime_barrel,2,5.0,5.0,8.333,7.0,2025-09-09 00:00:00+00:00,BUY
aksomati_prime_set,pc,aksomati_prime_blueprint,1,1.0,1.0,3.667,6.0,2025-09-09 00:00:00+00:00,BUY
aksomati_prime_set,pc,aksomati_prime_link,1,27.0,27.0,38.333,5.0,2025-09-09 00:00:00+00:00,BUY
aksomati_prime_set,pc,aksomati_prime_receiver,2,1.0,1.0,7.667,10.0,2025-09-09 00:00:00+00:00,BUY
akstiletto_prime_set,pc,akstiletto_prime_barrel,2,12.667,12.667,19.0,10.0,2025-09-09 00:00:00+00:00,BUY
akstiletto_prime_set,pc,akstiletto_prime_blueprint,1,10.0,10.0,19.667,10.0,2025-09-09 00:00:00+00:00,BUY
akstiletto_prime_set,pc,akstiletto_prime_link,1,6.333,6.333,10.0,6.0,2025-09-09 00:00:00+00:00,BUY
akstiletto_prime_set,pc,akstiletto_prime_receiver,2,15.0,15.0,34.333,6.0,2025-09-09 00:00:00+00:00,BUY
akvasto_prime_set,pc,akvasto_prime_blueprint,1,22.667,,22.667,19.0,2025-09-09 00:00:00+00:00,SELL
akvasto_prime_set,pc,akvasto_prime_link,1,5.0,5.0,10.0,16.0,2025-09-09 00:00:00+00:00,BUY
ankyros_prime_set,pc,ankyros_prime_blade,2,2.0,2.0,5.667,12.0,2025-09-09 00:00:00+00:00,BUY
ankyros_prime_set,pc,ankyros_prime_blueprint,1,5.0,5.0,7.333,6.0,2025-09-09 00:00:00+00:00,BUY
ankyros_prime_set,pc,ankyros_prime_gauntlet,2,9.0,9.0,11.667,8.0,2025-09-09 00:00:00+00:00,BUY
ash_prime_set,pc,ash_prime_blueprint,1,8.5,8.5,17.0,14.0,2025-09-09 00:00:00+00:00,BUY
ash_prime_set,pc,ash_prime_chassis_blueprint,1,5.0,5.0,14.0,17.0,2025-09-09 00:00:00+00:00,BUY
ash_prime_set,pc,ash_prime_neuroptics_blueprint,1,6.333,6.333,10.333,16.0,2025-09-09 00:00:00+00:00,BUY
ash_prime_set,pc,ash_prime_systems_blueprint,1,31.0,31.0,40.0,12.0,2025-09-09 00:00:00+00:00,BUY
astilla_prime_set,pc,astilla_prime_barrel,1,7.0,7.0,36.667,3.0,2025-09-09 00:00:00+00:00,BUY
astilla_prime_set,pc,astilla_prime_blueprint,1,2.0,2.0,5.0,11.0,2025-09-09 00:00:00+00:00,BUY
astilla_prime_set,pc,astilla_prime_receiver,1,3.0,3.0,4.0,12.0,2025-09-09 00:00:00+00:00,BUY
astilla_prime_set,pc,astilla_prime_stock,1,2.0,2.0,4.667,11.0,2025-09-09 00:00:00+00:00,BUY
atlas_prime_set,pc,atlas_prime_blueprint,1,3.0,3.0,4.0,20.0,2025-09-09 00:00:00+00:00,BUY
atlas_prime_set,pc,atlas_prime_chassis_blueprint,1,4.0,4.0,7.667,16.0,2025-09-09 00:00:00+00:00,BUY
atlas_prime_set,pc,atlas_prime_neuroptics_blueprint,1,40.0,40.0,54.0,14.0,2025-09-09 00:00:00+00:00,BUY
atlas_prime_set,pc,atlas_prime_systems_blueprint,1,3.0,3.0,4.667,24.0,2025-09-09 00:00:00+00:00,BUY
ballistica_prime_set,pc,ballistica_prime_blueprint,1,18.0,18.0,23.667,8.0,2025-09-09 00:00:00+00:00,BUY
ballistica_prime_set,pc,ballistica_prime_lower_limb,1,8.0,,8.0,7.0,2025-09-09 00:00:00+00:00,SELL
ballistica_prime_set,pc,ballistica_prime_receiver,1,4.333,,4.333,13.0,2025-09-09 00:00:00+00:00,SELL
ballistica_prime_set,pc,ballistica_prime_string,1,7.0,7.0,12.0,8.0,2025-09-09 00:00:00+00:00,BUY
ballistica_prime_set,pc,ballistica_prime_upper_limb,1,9.0,,9.0,9.0,2025-09-09 00:00:00+00:00,SELL
banshee_prime_set,pc,banshee_prime_blueprint,1,3.0,3.0,4.667,23.0,2025-09-09 00:00:00+00:00,BUY
banshee_prime_set,pc,banshee_prime_chassis_blueprint,1,16.333,16.333,28.667,11.0,2025-09-09 00:00:00+00:00,BUY
banshee_prime_set,pc,banshee_prime_neuroptics_blueprint,1,1.0,1.0,2.667,25.0,2025-09-09 00:00:00+00:00,BUY
banshee_prime_set,pc,banshee_prime_systems_blueprint,1,6.667,6.667,23.0,15.0,2025-09-09 00:00:00+00:00,BUY
baruuk_prime_set,pc,baruuk_prime_blueprint,1,6.333,6.333,14.333,10.0,2025-09-09 00:00:00+00:00,BUY
baruuk_prime_set,pc,baruuk_prime_chassis_blueprint,1,1.5,1.5,2.333,23.0,2025-09-09 00:00:00+00:00,BUY
baruuk_prime_set,pc,baruuk_prime_neuroptics_blueprint,1,12.0,12.0,25.0,13.0,2025-09-09 00:00:00+00:00,BUY
baruuk_prime_set,pc,baruuk_prime_systems_blueprint,1,1.0,1.0,4.667,18.0,2025-09-09 00:00:00+00:00,BUY
baza_prime_set,pc,baza_prime_barrel,1,2.0,2.0,5.0,16.0,2025-09-09 00:00:00+00:00,BUY
baza_prime_set,pc,baza_prime_blueprint,1,5.0,5.0,14.0,6.0,2025-09-09 00:00:00+00:00,BUY
baza_prime_set,pc,baza_prime_receiver,1,5.0,5.0,4.333,8.0,2025-09-09 00:00:00+00:00,BUY
baza_prime_set,pc,baza_prime_stock,1,20.667,20.667,65.0,1.0,2025-09-09 00:00:00+00:00,BUY
bo_prime_set,pc,bo_prime_blueprint,1,10.0,10.0,13.667,9.0,2025-09-09 00:00:00+00:00,BUY
bo_prime_set,pc,bo_prime_handle,1,12.0,12.0,21.0,8.0,2025-09-09 00:00:00+00:00,BUY
bo_prime_set,pc,bo_prime_ornament,2,15.333,15.333,28.667,13.0,2025-09-09 00:00:00+00:00,BUY
boar_prime_set,pc,boar_prime_barrel,1,12.5,12.5,19.667,12.0,2025-09-09 00:00:00+00:00,BUY
boar_prime_set,pc,boar_prime_blueprint,1,6.0,6.0,9.667,13.0,2025-09-09 00:00:00+00:00,BUY
boar_prime_set,pc,boar_prime_receiver,1,9.0,9.0,15.0,10.0,2025-09-09 00:00:00+00:00,BUY
boar_prime_set,pc,boar_prime_stock,1,36.0,36.0,46.667,18.0,2025-09-09 00:00:00+00:00,BUY
boltor_prime_set,pc,boltor_prime_barrel,1,1.0,1.0,11.333,6.0,2025-09-09 00:00:00+00:00,BUY
boltor_prime_set,pc,boltor_prime_blueprint,1,9.667,9.667,20.0,11.0,2025-09-09 00:00:00+00:00,BUY
boltor_prime_set,pc,boltor_prime_receiver,1,14.333,,14.333,10.0,2025-09-09 00:00:00+00:00,SELL
boltor_prime_set,pc,boltor_prime_stock,1,5.0,5.0,11.667,10.0,2025-09-09 00:00:00+00:00,BUY
braton_prime_set,pc,braton_prime_barrel,1,2.0,2.0,2.0,17.0,2025-09-09 00:00:00+00:00,BUY
braton_prime_set,pc,braton_prime_blueprint,1,1.0,1.0,1.0,24.0,2025-09-09 00:00:00+00:00,BUY
braton_prime_set,pc,braton_prime_receiver,1,1.333,1.333,4.333,11.0,2025-09-09 00:00:00+00:00,BUY
braton_prime_set,pc,braton_prime_stock,1,1.0,1.0,1.0,36.0,2025-09-09 00:00:00+00:00,BUY
bronco_prime_set,pc,bronco_prime_barrel,1,1.333,1.333,1.667,20.0,2025-09-09 00:00:00+00:00,BUY
bronco_prime_set,pc,bronco_prime_blueprint,1,1.5,1.5,2.0,11.0,2025-09-09 00:00:00+00:00,BUY
bronco_prime_set,pc,bronco_prime_receiver,1,1.667,,1.667,19.0,2025-09-09 00:00:00+00:00,SELL
burston_prime_set,pc,burston_prime_barrel,1,1.5,1.5,3.667,13.0,2025-09-09 00:00:00+00:00,BUY
burston_prime_set,pc,burston_prime_blueprint,1,1.0,1.0,3.0,16.0,2025-09-09 00:00:00+00:00,BUY
burston_prime_set,pc,burston_prime_receiver,1,2.333,,2.333,16.0,2025-09-09 00:00:00+00:00,SELL
burston_prime_set,pc,burston_prime_stock,1,2.0,,2.0,18.0,2025-09-09 00:00:00+00:00,SELL
caliban_prime_set,pc,caliban_prime_blueprint,1,3.333,3.333,8.333,40.0,2025-09-09 00:00:00+00:00,BUY
caliban_prime_set,pc,caliban_prime_chassis_blueprint,1,1.667,1.667,5.0,39.0,2025-09-09 00:00:00+00:00,BUY
caliban_prime_set,pc,caliban_prime_neuroptics_blueprint,1,7.0,7.0,15.0,29.0,2025-09-09 00:00:00+00:00,BUY
caliban_prime_set,pc,caliban_prime_systems_blueprint,1,30.333,30.333,40.0,14.0,2025-09-09 00:00:00+00:00,BUY
carrier_prime_set,pc,carrier_prime_blueprint,1,1.0,1.0,13.0,7.0,2025-09-09 00:00:00+00:00,BUY
carrier_prime_set,pc,carrier_prime_carapace,1,5.0,5.0,12.0,9.0,2025-09-09 00:00:00+00:00,BUY
carrier_prime_set,pc,carrier_prime_cerebrum,1,30.667,30.667,44.667,13.0,2025-09-09 00:00:00+00:00,BUY
carrier_prime_set,pc,carrier_prime_systems,1,1.0,1.0,5.0,12.0,2025-09-09 00:00:00+00:00,BUY
cedo_prime_set,pc,cedo_prime_barrel,1,1.0,1.0,5.0,15.0,2025-09-09 00:00:00+00:00,BUY
cedo_prime_set,pc,cedo_prime_blueprint,1,7.333,7.333,12.333,14.0,2025-09-09 00:00:00+00:00,BUY
cedo_prime_set,pc,cedo_prime_receiver,1,1.0,1.0,5.0,20.0,2025-09-09 00:00:00+00:00,BUY
cedo_prime_set,pc,cedo_prime_stock,1,1.0,1.0,3.333,23.0,2025-09-09 00:00:00+00:00,BUY
cernos_prime_set,pc,cernos_prime_blueprint,1,2.0,2.0,7.333,8.0,2025-09-09 00:00:00+00:00,BUY
cernos_prime_set,pc,cernos_prime_grip,1,5.0,5.0,9.0,6.0,2025-09-09 00:00:00+00:00,BUY
cernos_prime_set,pc,cernos_prime_lower_limb,1,14.667,14.667,25.0,9.0,2025-09-09 00:00:00+00:00,BUY
cernos_prime_set,pc,cernos_prime_string,1,9.333,,9.333,9.0,2025-09-09 00:00:00+00:00,SELL
cernos_prime_set,pc,cernos_prime_upper_limb,1,5.0,5.0,7.333,7.0,2025-09-09 00:00:00+00:00,BUY
chroma_prime_set,pc,chroma_prime_blueprint,1,6.0,6.0,7.333,23.0,2025-09-09 00:00:00+00:00,BUY
chroma_prime_set,pc,chroma_prime_chassis_blueprint,1,5.0,5.0,5.333,36.0,2025-09-09 00:00:00+00:00,BUY
chroma_prime_set,pc,chroma_prime_neuroptics_blueprint,1,10.0,10.0,20.0,13.0,2025-09-09 00:00:00+00:00,BUY
chroma_prime_set,pc,chroma_prime_systems_blueprint,1,8.333,8.333,13.333,19.0,2025-09-09 00:00:00+00:00,BUY
cobra_and_crane_prime_set,pc,cobra_and_crane_prime_blade,1,1.0,1.0,4.333,7.0,2025-09-09 00:00:00+00:00,BUY
cobra_and_crane_prime_set,pc,cobra_and_crane_prime_blueprint,1,1.0,1.0,3.667,11.0,2025-09-09 00:00:00+00:00,BUY
cobra_and_crane_prime_set,pc,cobra_and_crane_prime_guard,1,6.0,6.0,13.333,10.0,2025-09-09 00:00:00+00:00,BUY
cobra_and_crane_prime_set,pc,cobra_and_crane_prime_hilt,1,1.5,1.5,4.333,14.0,2025-09-09 00:00:00+00:00,BUY
corinth_prime_set,pc,corinth_prime_barrel,1,25.333,25.333,49.333,9.0,2025-09-09 00:00:00+00:00,BUY
corinth_prime_set,pc,corinth_prime_blueprint,1,3.0,3.0,4.0,10.0,2025-09-09 00:00:00+00:00,BUY
corinth_prime_set,pc,corinth_prime_receiver,1,7.333,,7.333,10.0,2025-09-09 00:00:00+00:00,SELL
corinth_prime_set,pc,corinth_prime_stock,1,5.0,5.0,13.667,14.0,2025-09-09 00:00:00+00:00,BUY
corvas_prime_set,pc,corvas_prime_barrel,1,6.667,6.667,24.0,10.0,2025-09-09 00:00:00+00:00,BUY
corvas_prime_set,pc,corvas_prime_blueprint,1,1.0,1.0,4.0,18.0,2025-09-09 00:00:00+00:00,BUY
corvas_prime_set,pc,corvas_prime_receiver,1,3.0,3.0,7.667,7.0,2025-09-09 00:00:00+00:00,BUY
corvas_prime_set,pc,corvas_prime_stock,1,2.0,2.0,4.0,11.0,2025-09-09 00:00:00+00:00,BUY
daikyu_prime_set,pc,daikyu_prime_blueprint,1,2.0,,2.0,17.0,2025-09-09 00:00:00+00:00,SELL
daikyu_prime_set,pc,daikyu_prime_grip,1,6.333,6.333,11.0,24.0,2025-09-09 00:00:00+00:00,BUY
daikyu_prime_set,pc,daikyu_prime_lower_limb,1,2.0,2.0,4.0,15.0,2025-09-09 00:00:00+00:00,BUY
daikyu_prime_set,pc,daikyu_prime_string,1,2.0,2.0,5.0,15.0,2025-09-09 00:00:00+00:00,BUY
daikyu_prime_set,pc,daikyu_prime_upper_limb,1,1.0,1.0,4.333,15.0,2025-09-09 00:00:00+00:00,BUY
dakra_prime_set,pc,dakra_prime_blade,1,7.0,7.0,15.667,17.0,2025-09-09 00:00:00+00:00,BUY
dakra_prime_set,pc,dakra_prime_blueprint,1,2.0,2.0,8.0,7.0,2025-09-09 00:00:00+00:00,BUY
dakra_prime_set,pc,dakra_prime_handle,1,2.0,2.0,9.333,7.0,2025-09-09 00:00:00+00:00,BUY
destreza_prime_set,pc,destreza_prime_blade,1,23.0,23.0,44.667,6.0,2025-09-09 00:00:00+00:00,BUY
destreza_prime_set,pc,destreza_prime_blueprint,1,2.0,2.0,5.0,9.0,2025-09-09 00:00:00+00:00,BUY
destreza_prime_set,pc,destreza_prime_handle,1,6.0,6.0,7.333,6.0,2025-09-09 00:00:00+00:00,BUY
dethcube_prime_set,pc,dethcube_prime_blueprint,1,8.0,8.0,20.0,11.0,2025-09-09 00:00:00+00:00,BUY
dethcube_prime_set,pc,dethcube_prime_carapace,1,3.0,3.0,5.0,21.0,2025-09-09 00:00:00+00:00,BUY
dethcube_prime_set,pc,dethcube_prime_cerebrum,1,20.0,20.0,39.0,10.0,2025-09-09 00:00:00+00:00,BUY
dethcube_prime_set,pc,dethcube_prime_systems,1,2.5,2.5,7.667,15.0,2025-09-09 00:00:00+00:00,BUY
dual_kamas_prime_set,pc,dual_kamas_prime_blade,2,26.667,26.667,49.667,5.0,2025-09-09 00:00:00+00:00,BUY
dual_kamas_prime_set,pc,dual_kamas_prime_blueprint,1,7.333,,7.333,6.0,2025-09-09 00:00:00+00:00,SELL
dual_kamas_prime_set,pc,dual_kamas_prime_handle,2,7.0,7.0,8.667,7.0,2025-09-09 00:00:00+00:00,BUY
dual_keres_prime_set,pc,dual_keres_prime_blade,2,5.0,5.0,5.0,11.0,2025-09-09 00:00:00+00:00,BUY
dual_keres_prime_set,pc,dual_keres_prime_blueprint,1,5.0,5.0,14.0,12.0,2025-09-09 00:00:00+00:00,BUY
dual_keres_prime_set,pc,dual_keres_prime_handle,2,2.333,2.333,9.333,7.0,2025-09-09 00:00:00+00:00,BUY
dual_zoren_prime_set,pc,dual_zoren_prime_blade,2,6.667,6.667,14.667,21.0,2025-09-09 00:00:00+00:00,BUY
dual_zoren_prime_set,pc,dual_zoren_prime_blueprint,1,1.333,1.333,2.0,28.0,2025-09-09 00:00:00+00:00,BUY
dual_zoren_prime_set,pc,dual_zoren_prime_handle,2,2.0,2.0,3.333,26.0,2025-09-09 00:00:00+00:00,BUY
ember_prime_set,pc,ember_prime_blueprint,1,25.0,25.0,43.333,11.0,2025-09-09 00:00:00+00:00,BUY
ember_prime_set,pc,ember_prime_chassis_blueprint,1,5.0,5.0,13.0,11.0,2025-09-09 00:00:00+00:00,BUY
ember_prime_set,pc,ember_prime_neuroptics_blueprint,1,6.0,6.0,19.333,11.0,2025-09-09 00:00:00+00:00,BUY
ember_prime_set,pc,ember_prime_systems_blueprint,1,7.667,7.667,10.0,13.0,2025-09-09 00:00:00+00:00,BUY
epitaph_prime_set,pc,epitaph_prime_barrel,1,2.0,2.0,2.0,21.0,2025-09-09 00:00:00+00:00,BUY
epitaph_prime_set,pc,epitaph_prime_blueprint,1,2.0,2.0,2.333,13.0,2025-09-09 00:00:00+00:00,BUY
epitaph_prime_set,pc,epitaph_prime_receiver,1,6.333,6.333,9.0,18.0,2025-09-09 00:00:00+00:00,BUY
equinox_prime_set,pc,equinox_prime_blueprint,1,4.5,4.5,9.667,14.0,2025-09-09 00:00:00+00:00,BUY
equinox_prime_set,pc,equinox_prime_chassis_blueprint,1,1.0,1.0,4.333,25.0,2025-09-09 00:00:00+00:00,BUY
equinox_prime_set,pc,equinox_prime_neuroptics_blueprint,1,3.667,3.667,6.333,23.0,2025-09-09 00:00:00+00:00,BUY
equinox_prime_set,pc,equinox_prime_systems_blueprint,1,15.333,15.333,24.0,15.0,2025-09-09 00:00:00+00:00,BUY
euphona_prime_set,pc,euphona_prime_barrel,1,2.0,2.0,3.333,13.0,2025-09-09 00:00:00+00:00,BUY
euphona_prime_set,pc,euphona_prime_blueprint,1,2.667,,2.667,11.0,2025-09-09 00:00:00+00:00,SELL
euphona_prime_set,pc,euphona_prime_receiver,1,26.667,26.667,44.0,5.0,2025-09-09 00:00:00+00:00,BUY
fang_prime_set,pc,fang_prime_blade,2,2.0,2.0,2.333,11.0,2025-09-09 00:00:00+00:00,BUY
fang_prime_set,pc,fang_prime_blueprint,1,1.0,,1.0,14.0,2025-09-09 00:00:00+00:00,SELL
fang_prime_set,pc,fang_prime_handle,2,1.0,1.0,1.333,15.0,2025-09-09 00:00:00+00:00,BUY
fragor_prime_set,pc,fragor_prime_blueprint,1,8.0,8.0,9.667,7.0,2025-09-09 00:00:00+00:00,BUY
fragor_prime_set,pc,fragor_prime_handle,1,4.0,4.0,20.0,4.0,2025-09-09 00:00:00+00:00,BUY
fragor_prime_set,pc,fragor_prime_head,1,5.0,5.0,8.333,5.0,2025-09-09 00:00:00+00:00,BUY
frost_prime_set,pc,frost_prime_blueprint,1,28.333,28.333,47.333,13.0,2025-09-09 00:00:00+00:00,BUY
frost_prime_set,pc,frost_prime_chassis_blueprint,1,8.667,8.667,14.667,14.0,2025-09-09 00:00:00+00:00,BUY
frost_prime_set,pc,frost_prime_neuroptics_blueprint,1,5.5,5.5,9.333,23.0,2025-09-09 00:00:00+00:00,BUY
frost_prime_set,pc,frost_prime_systems_blueprint,1,3.0,3.0,14.0,13.0,2025-09-09 00:00:00+00:00,BUY
fulmin_prime_set,pc,fulmin_prime_barrel,1,3.0,3.0,4.0,14.0,2025-09-09 00:00:00+00:00,BUY
fulmin_prime_set,pc,fulmin_prime_blueprint,1,2.0,2.0,5.333,5.0,2025-09-09 00:00:00+00:00,BUY
fulmin_prime_set,pc,fulmin_prime_receiver,1,6.333,6.333,20.0,5.0,2025-09-09 00:00:00+00:00,BUY
fulmin_prime_set,pc,fulmin_prime_stock,1,1.5,1.5,4.667,10.0,2025-09-09 00:00:00+00:00,BUY
galatine_prime_set,pc,galatine_prime_blade,1,3.333,3.333,4.667,11.0,2025-09-09 00:00:00+00:00,BUY
galatine_prime_set,pc,galatine_prime_blueprint,1,16.0,16.0,51.667,3.0,2025-09-09 00:00:00+00:00,BUY
galatine_prime_set,pc,galatine_prime_handle,1,4.667,,4.667,16.0,2025-09-09 00:00:00+00:00,SELL
gara_prime_set,pc,gara_prime_blueprint,1,28.333,28.333,32.667,20.0,2025-09-09 00:00:00+00:00,BUY
gara_prime_set,pc,gara_prime_chassis_blueprint,1,12.0,12.0,13.333,16.0,2025-09-09 00:00:00+00:00,BUY
gara_prime_set,pc,gara_prime_neuroptics_blueprint,1,2.0,2.0,5.0,15.0,2025-09-09 00:00:00+00:00,BUY
gara_prime_set,pc,gara_prime_systems_blueprint,1,3.0,3.0,4.333,19.0,2025-09-09 00:00:00+00:00,BUY
garuda_prime_set,pc,garuda_prime_blueprint,1,3.667,,3.667,20.0,2025-09-09 00:00:00+00:00,SELL
garuda_prime_set,pc,garuda_prime_chassis_blueprint,1,1.0,1.0,5.0,18.0,2025-09-09 00:00:00+00:00,BUY
garuda_prime_set,pc,garuda_prime_neuroptics_blueprint,1,12.667,12.667,20.0,13.0,2025-09-09 00:00:00+00:00,BUY
garuda_prime_set,pc,garuda_prime_systems_blueprint,1,33.333,33.333,44.0,11.0,2025-09-09 00:00:00+00:00,BUY
gauss_prime_set,pc,gauss_prime_blueprint,1,1.5,1.5,2.0,41.0,2025-09-09 00:00:00+00:00,BUY
gauss_prime_set,pc,gauss_prime_chassis_blueprint,1,2.0,2.0,2.0,33.0,2025-09-09 00:00:00+00:00,BUY
gauss_prime_set,pc,gauss_prime_neuroptics_blueprint,1,4.0,4.0,5.333,27.0,2025-09-09 00:00:00+00:00,BUY
gauss_prime_set,pc,gauss_prime_systems_blueprint,1,15.333,15.333,16.333,15.0,2025-09-09 00:00:00+00:00,BUY
glaive_prime_set,pc,glaive_prime_blade,2,12.333,12.333,26.667,8.0,2025-09-09 00:00:00+00:00,BUY
glaive_prime_set,pc,glaive_prime_blueprint,1,8.0,8.0,19.333,15.0,2025-09-09 00:00:00+00:00,BUY
glaive_prime_set,pc,glaive_prime_disc,1,7.0,7.0,9.0,15.0,2025-09-09 00:00:00+00:00,BUY
gram_prime_set,pc,gram_prime_blade,1,3.0,3.0,6.667,14.0,2025-09-09 00:00:00+00:00,BUY
gram_prime_set,pc,gram_prime_blueprint,1,3.0,3.0,4.667,23.0,2025-09-09 00:00:00+00:00,BUY
gram_prime_set,pc,gram_prime_handle,1,5.0,5.0,15.0,12.0,2025-09-09 00:00:00+00:00,BUY
grendel_prime_set,pc,grendel_prime_blueprint,1,7.667,7.667,10.0,13.0,2025-09-09 00:00:00+00:00,BUY
grendel_prime_set,pc,grendel_prime_chassis_blueprint,1,1.333,1.333,2.0,30.0,2025-09-09 00:00:00+00:00,BUY
grendel_prime_set,pc,grendel_prime_neuroptics_blueprint,1,3.0,3.0,3.0,21.0,2025-09-09 00:00:00+00:00,BUY
grendel_prime_set,pc,grendel_prime_systems_blueprint,1,10.0,10.0,16.333,18.0,2025-09-09 00:00:00+00:00,BUY
guandao_prime_set,pc,guandao_prime_blade,2,5.333,5.333,7.0,11.0,2025-09-09 00:00:00+00:00,BUY
guandao_prime_set,pc,guandao_prime_blueprint,1,2.0,2.0,4.333,14.0,2025-09-09 00:00:00+00:00,BUY
guandao_prime_set,pc,guandao_prime_handle,1,13.0,13.0,17.333,10.0,2025-09-09 00:00:00+00:00,BUY
gunsen_prime_set,pc,gunsen_prime_blade,2,6.0,6.0,13.333,12.0,2025-09-09 00:00:00+00:00,BUY
gunsen_prime_set,pc,gunsen_prime_blueprint,1,3.333,,3.333,10.0,2025-09-09 00:00:00+00:00,SELL
gunsen_prime_set,pc,gunsen_prime_handle,2,2.667,2.667,4.667,14.0,2025-09-09 00:00:00+00:00,BUY
harrow_prime_set,pc,harrow_prime_blueprint,1,4.0,4.0,4.333,13.0,2025-09-09 00:00:00+00:00,BUY
harrow_prime_set,pc,harrow_prime_chassis_blueprint,1,2.0,2.0,8.333,11.0,2025-09-09 00:00:00+00:00,BUY
harrow_prime_set,pc,harrow_prime_neuroptics_blueprint,1,2.5,2.5,6.333,19.0,2025-09-09 00:00:00+00:00,BUY
harrow_prime_set,pc,harrow_prime_systems_blueprint,1,20.0,20.0,36.0,8.0,2025-09-09 00:00:00+00:00,BUY
helios_prime_set,pc,helios_prime_blueprint,1,1.0,1.0,4.667,15.0,2025-09-09 00:00:00+00:00,BUY
helios_prime_set,pc,helios_prime_carapace,1,1.0,1.0,4.0,14.0,2025-09-09 00:00:00+00:00,BUY
helios_prime_set,pc,helios_prime_cerebrum,1,21.667,21.667,38.0,8.0,2025-09-09 00:00:00+00:00,BUY
helios_prime_set,pc,helios_prime_systems,1,3.0,3.0,10.0,10.0,2025-09-09 00:00:00+00:00,BUY
hikou_prime_set,pc,hikou_prime_blueprint,1,4.0,,4.0,9.0,2025-09-09 00:00:00+00:00,SELL
hikou_prime_set,pc,hikou_prime_pouch,2,7.0,7.0,7.333,8.0,2025-09-09 00:00:00+00:00,BUY
hikou_prime_set,pc,hikou_prime_stars,2,4.0,4.0,13.667,4.0,2025-09-09 00:00:00+00:00,BUY
hildryn_prime_set,pc,hildryn_prime_blueprint,1,21.667,21.667,36.0,14.0,2025-09-09 00:00:00+00:00,BUY
hildryn_prime_set,pc,hildryn_prime_chassis_blueprint,1,5.0,5.0,7.333,21.0,2025-09-09 00:00:00+00:00,BUY
hildryn_prime_set,pc,hildryn_prime_neuroptics_blueprint,1,1.0,1.0,3.333,16.0,2025-09-09 00:00:00+00:00,BUY
hildryn_prime_set,pc,hildryn_prime_systems_blueprint,1,2.0,,2.0,28.0,2025-09-09 00:00:00+00:00,SELL
hydroid_prime_set,pc,hydroid_prime_blueprint,1,9.5,9.5,20.0,17.0,2025-09-09 00:00:00+00:00,BUY
hydroid_prime_set,pc,hydroid_prime_chassis_blueprint,1,4.0,4.0,7.667,25.0,2025-09-09 00:00:00+00:00,BUY
hydroid_prime_set,pc,hydroid_prime_neuroptics_blueprint,1,7.333,7.333,18.667,6.0,2025-09-09 00:00:00+00:00,BUY
hydroid_prime_set,pc,hydroid_prime_systems_blueprint,1,28.0,28.0,46.333,9.0,2025-09-09 00:00:00+00:00,BUY
hystrix_prime_set,pc,hystrix_prime_barrel,1,4.0,,4.0,13.0,2025-09-09 00:00:00+00:00,SELL
hystrix_prime_set,pc,hystrix_prime_blueprint,1,1.5,1.5,6.667,5.0,2025-09-09 00:00:00+00:00,BUY
hystrix_prime_set,pc,hystrix_prime_receiver,1,5.0,5.0,15.667,8.0,2025-09-09 00:00:00+00:00,BUY
inaros_prime_set,pc,inaros_prime_blueprint,1,4.0,4.0,8.333,12.0,2025-09-09 00:00:00+00:00,BUY
inaros_prime_set,pc,inaros_prime_chassis_blueprint,1,2.0,2.0,4.0,19.0,2025-09-09 00:00:00+00:00,BUY
inaros_prime_set,pc,inaros_prime_neuroptics_blueprint,1,25.0,25.0,56.667,4.0,2025-09-09 00:00:00+00:00,BUY
inaros_prime_set,pc,inaros_prime_systems_blueprint,1,3.0,3.0,7.0,14.0,2025-09-09 00:00:00+00:00,BUY
ivara_prime_set,pc,ivara_prime_blueprint,1,4.0,4.0,6.0,16.0,2025-09-09 00:00:00+00:00,BUY
ivara_prime_set,pc,ivara_prime_chassis_blueprint,1,10.0,10.0,30.333,14.0,2025-09-09 00:00:00+00:00,BUY
ivara_prime_set,pc,ivara_prime_neuroptics_blueprint,1,3.0,3.0,4.333,21.0,2025-09-09 00:00:00+00:00,BUY
ivara_prime_set,pc,ivara_prime_systems_blueprint,1,3.0,3.0,8.667,13.0,2025-09-09 00:00:00+00:00,BUY
karyst_prime_set,pc,karyst_prime_blade,1,5.0,5.0,19.0,4.0,2025-09-09 00:00:00+00:00,BUY
karyst_prime_set,pc,karyst_prime_blueprint,1,2.5,2.5,9.0,5.0,2025-09-09 00:00:00+00:00,BUY
karyst_prime_set,pc,karyst_prime_handle,1,2.0,2.0,4.333,10.0,2025-09-09 00:00:00+00:00,BUY
khora_prime_set,pc,khora_prime_blueprint,1,23.333,23.333,35.0,12.0,2025-09-09 00:00:00+00:00,BUY
khora_prime_set,pc,khora_prime_chassis_blueprint,1,2.667,2.667,5.0,22.0,2025-09-09 00:00:00+00:00,BUY
khora_prime_set,pc,khora_prime_neuroptics_blueprint,1,22.0,22.0,34.333,14.0,2025-09-09 00:00:00+00:00,BUY
khora_prime_set,pc,khora_prime_systems_blueprint,1,2.333,2.333,6.333,17.0,2025-09-09 00:00:00+00:00,BUY
knell_prime_set,pc,knell_prime_barrel,1,15.667,15.667,30.0,8.0,2025-09-09 00:00:00+00:00,BUY
knell_prime_set,pc,knell_prime_blueprint,1,4.333,,4.333,12.0,2025-09-09 00:00:00+00:00,SELL
knell_prime_set,pc,knell_prime_receiver,1,1.0,1.0,3.333,16.0,2025-09-09 00:00:00+00:00,BUY
kogake_prime_set,pc,kogake_prime_blueprint,1,5.333,,5.333,10.0,2025-09-09 00:00:00+00:00,SELL
kogake_prime_set,pc,kogake_prime_boot,2,4.0,4.0,5.0,12.0,2025-09-09 00:00:00+00:00,BUY
kogake_prime_set,pc,kogake_prime_gauntlet,2,7.333,7.333,17.667,10.0,2025-09-09 00:00:00+00:00,BUY
kompressa_prime_set,pc,kompressa_prime_barrel,1,6.333,6.333,9.333,19.0,2025-09-09 00:00:00+00:00,BUY
kompressa_prime_set,pc,kompressa_prime_blueprint,1,1.0,1.0,4.333,12.0,2025-09-09 00:00:00+00:00,BUY
kompressa_prime_set,pc,kompressa_prime_reciever,1,1.5,1.5,9.0,15.0,2025-09-09 00:00:00+00:00,BUY
kronen_prime_set,pc,kronen_prime_blade,2,8.667,8.667,19.667,28.0,2025-09-09 00:00:00+00:00,BUY
kronen_prime_set,pc,kronen_prime_blueprint,1,1.5,1.5,3.333,17.0,2025-09-09 00:00:00+00:00,BUY
kronen_prime_set,pc,kronen_prime_handle,2,5.667,5.667,11.0,15.0,2025-09-09 00:00:00+00:00,BUY
larkspur_prime_set,pc,larkspur_prime_barrel,1,8.5,8.5,23.0,12.0,2025-09-09 00:00:00+00:00,BUY
larkspur_prime_set,pc,larkspur_prime_blueprint,1,3.333,,3.333,11.0,2025-09-09 00:00:00+00:00,SELL
larkspur_prime_set,pc,larkspur_prime_receiver,1,1.5,1.5,3.333,18.0,2025-09-09 00:00:00+00:00,BUY
larkspur_prime_set,pc,larkspur_prime_stock,1,1.667,1.667,4.333,8.0,2025-09-09 00:00:00+00:00,BUY
latron_prime_set,pc,latron_prime_barrel,1,8.0,8.0,14.333,16.0,2025-09-09 00:00:00+00:00,BUY
latron_prime_set,pc,latron_prime_blueprint,1,16.0,16.0,26.333,9.0,2025-09-09 00:00:00+00:00,BUY
latron_prime_set,pc,latron_prime_receiver,1,9.0,9.0,14.0,21.0,2025-09-09 00:00:00+00:00,BUY
latron_prime_set,pc,latron_prime_stock,1,8.0,8.0,18.667,15.0,2025-09-09 00:00:00+00:00,BUY
lavos_prime_set,pc,lavos_prime_blueprint,1,2.667,2.667,5.333,30.0,2025-09-09 00:00:00+00:00,BUY
lavos_prime_set,pc,lavos_prime_chassis_blueprint,1,2.0,2.0,2.667,31.0,2025-09-09 00:00:00+00:00,BUY
lavos_prime_set,pc,lavos_prime_neuroptics_blueprint,1,1.5,1.5,2.667,32.0,2025-09-09 00:00:00+00:00,BUY
lavos_prime_set,pc,lavos_prime_systems_blueprint,1,7.667,7.667,9.0,24.0,2025-09-09 00:00:00+00:00,BUY
lex_prime_set,pc,lex_prime_barrel,1,4.0,,4.0,10.0,2025-09-09 00:00:00+00:00,SELL
lex_prime_set,pc,lex_prime_blueprint,1,1.0,1.0,2.0,13.0,2025-09-09 00:00:00+00:00,BUY
lex_prime_set,pc,lex_prime_receiver,1,3.0,,3.0,9.0,2025-09-09 00:00:00+00:00,SELL
limbo_prime_set,pc,limbo_prime_blueprint,1,3.0,3.0,5.0,21.0,2025-09-09 00:00:00+00:00,BUY
limbo_prime_set,pc,limbo_prime_chassis_blueprint,1,33.333,33.333,49.667,7.0,2025-09-09 00:00:00+00:00,BUY
limbo_prime_set,pc,limbo_prime_neuroptics_blueprint,1,8.333,8.333,24.333,6.0,2025-09-09 00:00:00+00:00,BUY
limbo_prime_set,pc,limbo_prime_systems_blueprint,1,2.5,2.5,3.333,21.0,2025-09-09 00:00:00+00:00,BUY
loki_prime_set,pc,loki_prime_blueprint,1,4.5,4.5,10.0,14.0,2025-09-09 00:00:00+00:00,BUY
loki_prime_set,pc,loki_prime_chassis_blueprint,1,15.0,15.0,23.667,9.0,2025-09-09 00:00:00+00:00,BUY
loki_prime_set,pc,loki_prime_neuroptics_blueprint,1,10.0,10.0,18.667,13.0,2025-09-09 00:00:00+00:00,BUY
loki_prime_set,pc,loki_prime_systems_blueprint,1,23.333,23.333,39.333,10.0,2025-09-09 00:00:00+00:00,BUY
mag_prime_set,pc,mag_prime_blueprint,1,26.667,26.667,43.333,12.0,2025-09-09 00:00:00+00:00,BUY
mag_prime_set,pc,mag_prime_chassis_blueprint,1,5.5,5.5,12.667,13.0,2025-09-09 00:00:00+00:00,BUY
mag_prime_set,pc,mag_prime_neuroptics_blueprint,1,7.0,7.0,19.0,9.0,2025-09-09 00:00:00+00:00,BUY
mag_prime_set,pc,mag_prime_systems_blueprint,1,12.0,12.0,19.667,10.0,2025-09-09 00:00:00+00:00,BUY
magnus_prime_set,pc,magnus_prime_barrel,1,20.667,20.667,45.0,3.0,2025-09-09 00:00:00+00:00,BUY
magnus_prime_set,pc,magnus_prime_blueprint,1,2.0,2.0,6.0,9.0,2025-09-09 00:00:00+00:00,BUY
magnus_prime_set,pc,magnus_prime_receiver,1,3.0,3.0,5.667,7.0,2025-09-09 00:00:00+00:00,BUY
masseter_prime_set,pc,masseter_prime_blade,1,6.333,6.333,7.0,15.0,2025-09-09 00:00:00+00:00,BUY
masseter_prime_set,pc,masseter_prime_blueprint,1,1.333,1.333,2.0,16.0,2025-09-09 00:00:00+00:00,BUY
masseter_prime_set,pc,masseter_prime_handle,1,1.0,,1.0,16.0,2025-09-09 00:00:00+00:00,SELL
mesa_prime_set,pc,mesa_prime_blueprint,1,5.0,5.0,5.0,27.0,2025-09-09 00:00:00+00:00,BUY
mesa_prime_set,pc,mesa_prime_chassis_blueprint,1,6.0,6.0,4.667,28.0,2025-09-09 00:00:00+00:00,BUY
mesa_prime_set,pc,mesa_prime_neuroptics_blueprint,1,22.667,22.667,36.333,10.0,2025-09-09 00:00:00+00:00,BUY
mesa_prime_set,pc,mesa_prime_systems_blueprint,1,15.0,15.0,21.667,15.0,2025-09-09 00:00:00+00:00,BUY
mirage_prime_set,pc,mirage_prime_blueprint,1,26.333,26.333,39.333,17.0,2025-09-09 00:00:00+00:00,BUY
mirage_prime_set,pc,mirage_prime_chassis_blueprint,1,4.0,4.0,10.0,16.0,2025-09-09 00:00:00+00:00,BUY
mirage_prime_set,pc,mirage_prime_neuroptics_blueprint,1,2.0,2.0,4.667,24.0,2025-09-09 00:00:00+00:00,BUY
mirage_prime_set,pc,mirage_prime_systems_blueprint,1,9.333,9.333,17.667,17.0,2025-09-09 00:00:00+00:00,BUY
nagantaka_prime_set,pc,nagantaka_prime_barrel,1,2.5,2.5,5.333,9.0,2025-09-09 00:00:00+00:00,BUY
nagantaka_prime_set,pc,nagantaka_prime_blueprint,1,4.5,4.5,13.667,17.0,2025-09-09 00:00:00+00:00,BUY
nagantaka_prime_set,pc,nagantaka_prime_receiver,1,1.0,1.0,6.333,5.0,2025-09-09 00:00:00+00:00,BUY
nagantaka_prime_set,pc,nagantaka_prime_stock,1,1.0,1.0,5.0,13.0,2025-09-09 00:00:00+00:00,BUY
nami_skyla_prime_set,pc,nami_skyla_prime_blade,2,20.333,20.333,34.0,8.0,2025-09-09 00:00:00+00:00,BUY
nami_skyla_prime_set,pc,nami_skyla_prime_blueprint,1,5.0,5.0,7.667,13.0,2025-09-09 00:00:00+00:00,BUY
nami_skyla_prime_set,pc,nami_skyla_prime_handle,2,5.0,5.0,7.0,16.0,2025-09-09 00:00:00+00:00,BUY
nautilus_prime_set,pc,nautilus_prime_blueprint,1,6.667,6.667,8.0,20.0,2025-09-09 00:00:00+00:00,BUY
nautilus_prime_set,pc,nautilus_prime_carapace,1,2.0,2.0,2.0,19.0,2025-09-09 00:00:00+00:00,BUY
nautilus_prime_set,pc,nautilus_prime_cerebrum,1,8.667,8.667,16.0,23.0,2025-09-09 00:00:00+00:00,BUY
nautilus_prime_set,pc,nautilus_prime_systems,1,1.667,1.667,2.333,28.0,2025-09-09 00:00:00+00:00,BUY
nekros_prime_set,pc,nekros_prime_blueprint,1,15.0,15.0,26.333,14.0,2025-09-09 00:00:00+00:00,BUY
nekros_prime_set,pc,nekros_prime_chassis_blueprint,1,6.333,6.333,13.333,10.0,2025-09-09 00:00:00+00:00,BUY
nekros_prime_set,pc,nekros_prime_neuroptics_blueprint,1,15.667,15.667,23.667,11.0,2025-09-09 00:00:00+00:00,BUY
nekros_prime_set,pc,nekros_prime_systems_blueprint,1,20.333,20.333,29.0,15.0,2025-09-09 00:00:00+00:00,BUY
nezha_prime_set,pc,nezha_prime_blueprint,1,1.0,1.0,6.667,16.0,2025-09-09 00:00:00+00:00,BUY
nezha_prime_set,pc,nezha_prime_chassis_blueprint,1,21.667,21.667,36.667,11.0,2025-09-09 00:00:00+00:00,BUY
nezha_prime_set,pc,nezha_prime_neuroptics_blueprint,1,16.0,16.0,25.0,16.0,2025-09-09 00:00:00+00:00,BUY
nezha_prime_set,pc,nezha_prime_systems_blueprint,1,2.0,2.0,4.667,22.0,2025-09-09 00:00:00+00:00,BUY
nidus_prime_set,pc,nidus_prime_blueprint,1,2.0,2.0,5.0,21.0,2025-09-09 00:00:00+00:00,BUY
nidus_prime_set,pc,nidus_prime_chassis_blueprint,1,15.667,15.667,26.667,7.0,2025-09-09 00:00:00+00:00,BUY
nidus_prime_set,pc,nidus_prime_neuroptics_blueprint,1,21.0,21.0,37.0,11.0,2025-09-09 00:00:00+00:00,BUY
nidus_prime_set,pc,nidus_prime_systems_blueprint,1,3.0,,3.0,19.0,2025-09-09 00:00:00+00:00,SELL
nikana_prime_set,pc,nikana_prime_blade,1,15.0,15.0,24.667,7.0,2025-09-09 00:00:00+00:00,BUY
nikana_prime_set,pc,nikana_prime_blueprint,1,3.0,3.0,9.333,10.0,2025-09-09 00:00:00+00:00,BUY
nikana_prime_set,pc,nikana_prime_hilt,1,33.0,33.0,51.333,5.0,2025-09-09 00:00:00+00:00,BUY
ninkondi_prime_set,pc,ninkondi_prime_blueprint,1,5.0,,5.0,11.0,2025-09-09 00:00:00+00:00,SELL
ninkondi_prime_set,pc,ninkondi_prime_chain,1,3.667,,3.667,10.0,2025-09-09 00:00:00+00:00,SELL
ninkondi_prime_set,pc,ninkondi_prime_handle,2,8.0,8.0,17.0,14.0,2025-09-09 00:00:00+00:00,BUY
nova_prime_set,pc,nova_prime_blueprint,1,10.667,10.667,19.333,15.0,2025-09-09 00:00:00+00:00,BUY
nova_prime_set,pc,nova_prime_chassis_blueprint,1,58.0,58.0,66.667,12.0,2025-09-09 00:00:00+00:00,BUY
nova_prime_set,pc,nova_prime_neuroptics_blueprint,1,11.333,11.333,25.667,7.0,2025-09-09 00:00:00+00:00,BUY
nova_prime_set,pc,nova_prime_systems_blueprint,1,9.333,9.333,20.0,7.0,2025-09-09 00:00:00+00:00,BUY
nyx_prime_set,pc,nyx_prime_blueprint,1,1.5,1.5,9.667,15.0,2025-09-09 00:00:00+00:00,BUY
nyx_prime_set,pc,nyx_prime_chassis_blueprint,1,5.0,5.0,14.0,14.0,2025-09-09 00:00:00+00:00,BUY
nyx_prime_set,pc,nyx_prime_neuroptics_blueprint,1,35.0,35.0,55.333,6.0,2025-09-09 00:00:00+00:00,BUY
nyx_prime_set,pc,nyx_prime_systems_blueprint,1,6.333,6.333,12.667,13.0,2025-09-09 00:00:00+00:00,BUY
oberon_prime_set,pc,oberon_prime_blueprint,1,8.333,8.333,11.0,5.0,2025-09-09 00:00:00+00:00,BUY
oberon_prime_set,pc,oberon_prime_chassis_blueprint,1,4.5,4.5,8.667,14.0,2025-09-09 00:00:00+00:00,BUY
oberon_prime_set,pc,oberon_prime_neuroptics_blueprint,1,17.667,17.667,29.667,9.0,2025-09-09 00:00:00+00:00,BUY
oberon_prime_set,pc,oberon_prime_systems_blueprint,1,5.667,5.667,10.0,18.0,2025-09-09 00:00:00+00:00,BUY
octavia_prime_set,pc,octavia_prime_blueprint,1,46.667,46.667,54.0,13.0,2025-09-09 00:00:00+00:00,BUY
octavia_prime_set,pc,octavia_prime_chassis_blueprint,1,7.0,7.0,10.0,12.0,2025-09-09 00:00:00+00:00,BUY
octavia_prime_set,pc,octavia_prime_neuroptics_blueprint,1,2.0,2.0,4.333,24.0,2025-09-09 00:00:00+00:00,BUY
octavia_prime_set,pc,octavia_prime_systems_blueprint,1,4.0,4.0,8.0,20.0,2025-09-09 00:00:00+00:00,BUY
odonata_prime_set,pc,odonata_prime_blueprint,1,1.5,1.5,8.667,16.0,2025-09-09 00:00:00+00:00,BUY
odonata_prime_set,pc,odonata_prime_harness_blueprint,1,2.0,2.0,7.667,12.0,2025-09-09 00:00:00+00:00,BUY
odonata_prime_set,pc,odonata_prime_systems_blueprint,1,1.0,1.0,6.667,12.0,2025-09-09 00:00:00+00:00,BUY
odonata_prime_set,pc,odonata_prime_wings_blueprint,1,6.0,6.0,17.667,15.0,2025-09-09 00:00:00+00:00,BUY
okina_prime_set,pc,okina_prime_blade,2,4.0,4.0,5.667,6.0,2025-09-09 00:00:00+00:00,BUY
okina_prime_set,pc,okina_prime_blueprint,1,7.333,7.333,11.333,13.0,2025-09-09 00:00:00+00:00,BUY
okina_prime_set,pc,okina_prime_handle,2,1.333,1.333,3.333,16.0,2025-09-09 00:00:00+00:00,BUY
orthos_prime_set,pc,orthos_prime_blade,2,1.333,1.333,2.333,13.0,2025-09-09 00:00:00+00:00,BUY
orthos_prime_set,pc,orthos_prime_blueprint,1,1.333,1.333,3.0,10.0,2025-09-09 00:00:00+00:00,BUY
orthos_prime_set,pc,orthos_prime_handle,1,1.0,1.0,2.0,12.0,2025-09-09 00:00:00+00:00,BUY
pandero_prime_set,pc,pandero_prime_barrel,1,4.333,,4.333,8.0,2025-09-09 00:00:00+00:00,SELL
pandero_prime_set,pc,pandero_prime_blueprint,1,5.0,5.0,4.0,12.0,2025-09-09 00:00:00+00:00,BUY
pandero_prime_set,pc,pandero_prime_receiver,1,10.0,10.0,25.333,8.0,2025-09-09 00:00:00+00:00,BUY
pangolin_prime_set,pc,pangolin_prime_blade,1,2.0,2.0,7.667,11.0,2025-09-09 00:00:00+00:00,BUY
pangolin_prime_set,pc,pangolin_prime_blueprint,1,5.0,5.0,10.667,9.0,2025-09-09 00:00:00+00:00,BUY
pangolin_prime_set,pc,pangolin_prime_handle,1,3.0,3.0,5.0,11.0,2025-09-09 00:00:00+00:00,BUY
panthera_prime_set,pc,panthera_prime_barrel,1,10.667,10.667,17.667,6.0,2025-09-09 00:00:00+00:00,BUY
panthera_prime_set,pc,panthera_prime_blueprint,1,4.667,,4.667,9.0,2025-09-09 00:00:00+00:00,SELL
panthera_prime_set,pc,panthera_prime_receiver,1,9.0,9.0,14.667,6.0,2025-09-09 00:00:00+00:00,BUY
panthera_prime_set,pc,panthera_prime_stock,1,4.0,4.0,5.333,10.0,2025-09-09 00:00:00+00:00,BUY
paris_prime_set,pc,paris_prime_blueprint,1,1.0,1.0,4.667,11.0,2025-09-09 00:00:00+00:00,BUY
paris_prime_set,pc,paris_prime_grip,1,1.333,1.333,2.333,11.0,2025-09-09 00:00:00+00:00,BUY
paris_prime_set,pc,paris_prime_lower_limb,1,1.0,1.0,3.333,7.0,2025-09-09 00:00:00+00:00,BUY
paris_prime_set,pc,paris_prime_string,1,1.0,,1.0,21.0,2025-09-09 00:00:00+00:00,SELL
paris_prime_set,pc,paris_prime_upper_limb,1,1.0,1.0,1.0,17.0,2025-09-09 00:00:00+00:00,BUY
phantasma_prime_set,pc,phantasma_prime_barrel,1,7.0,7.0,18.0,7.0,2025-09-09 00:00:00+00:00,BUY
phantasma_prime_set,pc,phantasma_prime_blueprint,1,1.0,1.0,4.667,7.0,2025-09-09 00:00:00+00:00,BUY
phantasma_prime_set,pc,phantasma_prime_receiver,1,1.0,1.0,4.667,6.0,2025-09-09 00:00:00+00:00,BUY
phantasma_prime_set,pc,phantasma_prime_stock,1,7.667,7.667,22.667,8.0,2025-09-09 00:00:00+00:00,BUY
protea_prime_set,pc,protea_prime_blueprint,1,1.0,,1.0,36.0,2025-09-09 00:00:00+00:00,SELL
protea_prime_set,pc,protea_prime_chassis_blueprint,1,10.667,10.667,18.333,19.0,2025-09-09 00:00:00+00:00,BUY
protea_prime_set,pc,protea_prime_neuroptics_blueprint,1,1.5,1.5,2.0,41.0,2025-09-09 00:00:00+00:00,BUY
protea_prime_set,pc,protea_prime_systems_blueprint,1,6.333,6.333,9.667,21.0,2025-09-09 00:00:00+00:00,BUY
pyrana_prime_set,pc,pyrana_prime_barrel,1,4.0,4.0,6.667,7.0,2025-09-09 00:00:00+00:00,BUY
pyrana_prime_set,pc,pyrana_prime_blueprint,1,35.0,35.0,47.667,14.0,2025-09-09 00:00:00+00:00,BUY
pyrana_prime_set,pc,pyrana_prime_receiver,1,7.0,7.0,10.333,18.0,2025-09-09 00:00:00+00:00,BUY
quassus_prime_set,pc,quassus_prime_blade,2,6.0,6.0,8.0,20.0,2025-09-09 00:00:00+00:00,BUY
quassus_prime_set,pc,quassus_prime_blueprint,1,1.333,1.333,2.333,13.0,2025-09-09 00:00:00+00:00,BUY
quassus_prime_set,pc,quassus_prime_handle,2,2.0,2.0,3.0,11.0,2025-09-09 00:00:00+00:00,BUY
reaper_prime_set,pc,reaper_prime_blade,1,5.0,5.0,12.667,6.0,2025-09-09 00:00:00+00:00,BUY
reaper_prime_set,pc,reaper_prime_blueprint,1,3.0,3.0,8.333,9.0,2025-09-09 00:00:00+00:00,BUY
reaper_prime_set,pc,reaper_prime_handle,1,5.0,5.0,13.0,7.0,2025-09-09 00:00:00+00:00,BUY
redeemer_prime_set,pc,redeemer_prime_blade,1,1.0,1.0,4.333,11.0,2025-09-09 00:00:00+00:00,BUY
redeemer_prime_set,pc,redeemer_prime_blueprint,1,1.5,1.5,4.667,9.0,2025-09-09 00:00:00+00:00,BUY
redeemer_prime_set,pc,redeemer_prime_handle,1,21.667,21.667,60.0,1.0,2025-09-09 00:00:00+00:00,BUY
revenant_prime_set,pc,revenant_prime_blueprint,1,14.0,14.0,23.333,11.0,2025-09-09 00:00:00+00:00,BUY
revenant_prime_set,pc,revenant_prime_chassis_blueprint,1,5.0,5.0,8.333,13.0,2025-09-09 00:00:00+00:00,BUY
revenant_prime_set,pc,revenant_prime_neuroptics_blueprint,1,3.667,3.667,6.667,21.0,2025-09-09 00:00:00+00:00,BUY
revenant_prime_set,pc,revenant_prime_systems_blueprint,1,7.333,7.333,11.333,9.0,2025-09-09 00:00:00+00:00,BUY
rhino_prime_set,pc,rhino_prime_blueprint,1,17.667,17.667,24.0,17.0,2025-09-09 00:00:00+00:00,BUY
rhino_prime_set,pc,rhino_prime_chassis_blueprint,1,5.0,5.0,9.667,11.0,2025-09-09 00:00:00+00:00,BUY
rhino_prime_set,pc,rhino_prime_neuroptics_blueprint,1,11.0,11.0,18.667,9.0,2025-09-09 00:00:00+00:00,BUY
rhino_prime_set,pc,rhino_prime_systems_blueprint,1,6.0,6.0,9.333,18.0,2025-09-09 00:00:00+00:00,BUY
rubico_prime_set,pc,rubico_prime_barrel,1,4.667,4.667,9.0,15.0,2025-09-09 00:00:00+00:00,BUY
rubico_prime_set,pc,rubico_prime_blueprint,1,12.333,12.333,14.333,17.0,2025-09-09 00:00:00+00:00,BUY
rubico_prime_set,pc,rubico_prime_receiver,1,2.667,2.667,5.0,11.0,2025-09-09 00:00:00+00:00,BUY
rubico_prime_set,pc,rubico_prime_stock,1,2.667,2.667,4.0,16.0,2025-09-09 00:00:00+00:00,BUY
saryn_prime_set,pc,saryn_prime_blueprint,1,9.333,9.333,19.667,12.0,2025-09-09 00:00:00+00:00,BUY
saryn_prime_set,pc,saryn_prime_chassis_blueprint,1,33.333,33.333,45.667,19.0,2025-09-09 00:00:00+00:00,BUY
saryn_prime_set,pc,saryn_prime_neuroptics_blueprint,1,7.667,7.667,9.0,16.0,2025-09-09 00:00:00+00:00,BUY
saryn_prime_set,pc,saryn_prime_systems_blueprint,1,6.5,6.5,7.333,18.0,2025-09-09 00:00:00+00:00,BUY
scindo_prime_set,pc,scindo_prime_blade,1,8.0,8.0,23.0,3.0,2025-09-09 00:00:00+00:00,BUY
scindo_prime_set,pc,scindo_prime_blueprint,1,4.667,,4.667,5.0,2025-09-09 00:00:00+00:00,SELL
scindo_prime_set,pc,scindo_prime_handle,1,8.5,8.5,10.667,3.0,2025-09-09 00:00:00+00:00,BUY
scourge_prime_set,pc,scourge_prime_barrel,1,25.333,25.333,35.0,7.0,2025-09-09 00:00:00+00:00,BUY
scourge_prime_set,pc,scourge_prime_blade,1,1.0,1.0,4.0,10.0,2025-09-09 00:00:00+00:00,BUY
scourge_prime_set,pc,scourge_prime_blueprint,1,7.0,7.0,14.667,8.0,2025-09-09 00:00:00+00:00,BUY
scourge_prime_set,pc,scourge_prime_handle,1,1.5,1.5,7.0,8.0,2025-09-09 00:00:00+00:00,BUY
sevagoth_prime_set,pc,sevagoth_prime_blueprint,1,1.5,1.5,3.0,30.0,2025-09-09 00:00:00+00:00,BUY
sevagoth_prime_set,pc,sevagoth_prime_chassis_blueprint,1,10.333,10.333,14.667,16.0,2025-09-09 00:00:00+00:00,BUY
sevagoth_prime_set,pc,sevagoth_prime_neuroptics_blueprint,1,1.5,1.5,2.0,36.0,2025-09-09 00:00:00+00:00,BUY
sevagoth_prime_set,pc,sevagoth_prime_systems_blueprint,1,3.0,3.0,2.0,30.0,2025-09-09 00:00:00+00:00,BUY
shade_prime_set,pc,shade_prime_blueprint,1,2.0,2.0,5.0,18.0,2025-09-09 00:00:00+00:00,BUY
shade_prime_set,pc,shade_prime_carapace,1,11.667,11.667,25.0,5.0,2025-09-09 00:00:00+00:00,BUY
shade_prime_set,pc,shade_prime_cerebrum,1,2.5,2.5,4.667,12.0,2025-09-09 00:00:00+00:00,BUY
shade_prime_set,pc,shade_prime_systems,1,1.667,1.667,4.0,19.0,2025-09-09 00:00:00+00:00,BUY
sicarus_prime_set,pc,sicarus_prime_barrel,1,3.0,3.0,13.0,6.0,2025-09-09 00:00:00+00:00,BUY
sicarus_prime_set,pc,sicarus_prime_blueprint,1,5.5,5.5,9.667,7.0,2025-09-09 00:00:00+00:00,BUY
sicarus_prime_set,pc,sicarus_prime_receiver,1,22.333,22.333,35.667,7.0,2025-09-09 00:00:00+00:00,BUY
silva_and_aegis_prime_set,pc,silva_and_aegis_prime_blade,1,6.667,,6.667,8.0,2025-09-09 00:00:00+00:00,SELL
silva_and_aegis_prime_set,pc,silva_and_aegis_prime_blueprint,1,5.0,5.0,7.333,14.0,2025-09-09 00:00:00+00:00,BUY
silva_and_aegis_prime_set,pc,silva_and_aegis_prime_guard,1,8.667,8.667,17.667,5.0,2025-09-09 00:00:00+00:00,BUY
silva_and_aegis_prime_set,pc,silva_and_aegis_prime_hilt,1,3.0,3.0,5.333,7.0,2025-09-09 00:00:00+00:00,BUY
soma_prime_set,pc,soma_prime_barrel,1,6.5,6.5,17.667,7.0,2025-09-09 00:00:00+00:00,BUY
soma_prime_set,pc,soma_prime_blueprint,1,4.0,4.0,8.333,11.0,2025-09-09 00:00:00+00:00,BUY
soma_prime_set,pc,soma_prime_receiver,1,7.0,7.0,20.0,8.0,2025-09-09 00:00:00+00:00,BUY
soma_prime_set,pc,soma_prime_stock,1,23.667,23.667,49.667,13.0,2025-09-09 00:00:00+00:00,BUY
spira_prime_set,pc,spira_prime_blade,2,13.0,13.0,21.333,9.0,2025-09-09 00:00:00+00:00,BUY
spira_prime_set,pc,spira_prime_blueprint,1,6.0,,6.0,8.0,2025-09-09 00:00:00+00:00,SELL
spira_prime_set,pc,spira_prime_pouch,2,19.667,19.667,34.333,6.0,2025-09-09 00:00:00+00:00,BUY
stradavar_prime_set,pc,stradavar_prime_barrel,1,2.0,2.0,4.0,12.0,2025-09-09 00:00:00+00:00,BUY
stradavar_prime_set,pc,stradavar_prime_blueprint,1,5.5,5.5,9.333,11.0,2025-09-09 00:00:00+00:00,BUY
stradavar_prime_set,pc,stradavar_prime_receiver,1,5.0,,5.0,10.0,2025-09-09 00:00:00+00:00,SELL
stradavar_prime_set,pc,stradavar_prime_stock,1,2.0,2.0,8.333,6.0,2025-09-09 00:00:00+00:00,BUY
strun_prime_set,pc,strun_prime_barrel,1,4.0,4.0,6.0,13.0,2025-09-09 00:00:00+00:00,BUY
strun_prime_set,pc,strun_prime_blueprint,1,13.333,13.333,22.333,9.0,2025-09-09 00:00:00+00:00,BUY
strun_prime_set,pc,strun_prime_receiver,1,5.0,,5.0,17.0,2025-09-09 00:00:00+00:00,SELL
strun_prime_set,pc,strun_prime_stock,1,3.0,3.0,6.333,8.0,2025-09-09 00:00:00+00:00,BUY
sybaris_prime_set,pc,sybaris_prime_barrel,1,17.0,17.0,27.0,8.0,2025-09-09 00:00:00+00:00,BUY
sybaris_prime_set,pc,sybaris_prime_blueprint,1,3.0,3.0,4.333,10.0,2025-09-09 00:00:00+00:00,BUY
sybaris_prime_set,pc,sybaris_prime_receiver,1,6.0,6.0,7.667,9.0,2025-09-09 00:00:00+00:00,BUY
sybaris_prime_set,pc,sybaris_prime_stock,1,5.0,5.0,7.0,6.0,2025-09-09 00:00:00+00:00,BUY
tatsu_prime_set,pc,tatsu_prime_blade,1,1.0,1.0,3.667,12.0,2025-09-09 00:00:00+00:00,BUY
tatsu_prime_set,pc,tatsu_prime_blueprint,1,1.0,1.0,3.0,11.0,2025-09-09 00:00:00+00:00,BUY
tatsu_prime_set,pc,tatsu_prime_handle,1,5.5,5.5,15.0,5.0,2025-09-09 00:00:00+00:00,BUY
tekko_prime_set,pc,tekko_prime_blade,2,15.333,15.333,20.667,14.0,2025-09-09 00:00:00+00:00,BUY
tekko_prime_set,pc,tekko_prime_blueprint,1,2.0,2.0,4.333,17.0,2025-09-09 00:00:00+00:00,BUY
tekko_prime_set,pc,tekko_prime_gauntlet,2,4.0,4.0,7.0,11.0,2025-09-09 00:00:00+00:00,BUY
tenora_prime_set,pc,tenora_prime_barrel,1,10.0,10.0,14.0,10.0,2025-09-09 00:00:00+00:00,BUY
tenora_prime_set,pc,tenora_prime_blueprint,1,4.667,,4.667,7.0,2025-09-09 00:00:00+00:00,SELL
tenora_prime_set,pc,tenora_prime_receiver,1,16.0,16.0,30.667,3.0,2025-09-09 00:00:00+00:00,BUY
tenora_prime_set,pc,tenora_prime_stock,1,4.5,4.5,10.667,5.0,2025-09-09 00:00:00+00:00,BUY
tiberon_prime_set,pc,tiberon_prime_barrel,1,7.333,,7.333,16.0,2025-09-09 00:00:00+00:00,SELL
tiberon_prime_set,pc,tiberon_prime_blueprint,1,4.667,,4.667,18.0,2025-09-09 00:00:00+00:00,SELL
tiberon_prime_set,pc,tiberon_prime_receiver,1,5.333,,5.333,15.0,2025-09-09 00:00:00+00:00,SELL
tiberon_prime_set,pc,tiberon_prime_stock,1,8.0,8.0,18.0,20.0,2025-09-09 00:00:00+00:00,BUY
tigris_prime_set,pc,tigris_prime_barrel,1,3.0,3.0,4.0,15.0,2025-09-09 00:00:00+00:00,BUY
tigris_prime_set,pc,tigris_prime_blueprint,1,9.0,9.0,33.333,4.0,2025-09-09 00:00:00+00:00,BUY
tigris_prime_set,pc,tigris_prime_receiver,1,5.0,5.0,9.667,7.0,2025-09-09 00:00:00+00:00,BUY
tigris_prime_set,pc,tigris_prime_stock,1,5.667,,5.667,7.0,2025-09-09 00:00:00+00:00,SELL
tipedo_prime_set,pc,tipedo_prime_blueprint,1,2.0,2.0,4.667,7.0,2025-09-09 00:00:00+00:00,BUY
tipedo_prime_set,pc,tipedo_prime_handle,1,9.0,9.0,15.667,10.0,2025-09-09 00:00:00+00:00,BUY
tipedo_prime_set,pc,tipedo_prime_ornament,2,6.667,6.667,12.0,10.0,2025-09-09 00:00:00+00:00,BUY
titania_prime_set,pc,titania_prime_blueprint,1,4.333,4.333,9.333,24.0,2025-09-09 00:00:00+00:00,BUY
titania_prime_set,pc,titania_prime_chassis_blueprint,1,3.5,3.5,7.667,27.0,2025-09-09 00:00:00+00:00,BUY
titania_prime_set,pc,titania_prime_neuroptics_blueprint,1,3.0,3.0,6.0,36.0,2025-09-09 00:00:00+00:00,BUY
titania_prime_set,pc,titania_prime_systems_blueprint,1,26.667,26.667,38.333,14.0,2025-09-09 00:00:00+00:00,BUY
trinity_prime_set,pc,trinity_prime_blueprint,1,12.5,12.5,16.667,10.0,2025-09-09 00:00:00+00:00,BUY
trinity_prime_set,pc,trinity_prime_chassis_blueprint,1,8.0,8.0,9.667,11.0,2025-09-09 00:00:00+00:00,BUY
trinity_prime_set,pc,trinity_prime_neuroptics_blueprint,1,7.0,7.0,13.667,17.0,2025-09-09 00:00:00+00:00,BUY
trinity_prime_set,pc,trinity_prime_systems_blueprint,1,4.333,4.333,8.0,13.0,2025-09-09 00:00:00+00:00,BUY
trumna_prime_set,pc,trumna_prime_barrel,1,6.333,6.333,8.0,30.0,2025-09-09 00:00:00+00:00,BUY
trumna_prime_set,pc,trumna_prime_blueprint,1,1.0,,1.0,23.0,2025-09-09 00:00:00+00:00,SELL
trumna_prime_set,pc,trumna_prime_receiver,1,6.333,6.333,9.667,18.0,2025-09-09 00:00:00+00:00,BUY
trumna_prime_set,pc,trumna_prime_stock,1,1.333,1.333,2.333,19.0,2025-09-09 00:00:00+00:00,BUY
vadarya_prime_set,pc,vadarya_prime_barrel,1,5.333,5.333,8.0,21.0,2025-09-09 00:00:00+00:00,BUY
vadarya_prime_set,pc,vadarya_prime_blueprint,1,7.667,7.667,12.0,24.0,2025-09-09 00:00:00+00:00,BUY
vadarya_prime_set,pc,vadarya_prime_receiver,1,12.667,12.667,19.0,14.0,2025-09-09 00:00:00+00:00,BUY
vadarya_prime_set,pc,vadarya_prime_stock,1,3.5,3.5,6.0,23.0,2025-09-09 00:00:00+00:00,BUY
valkyr_prime_set,pc,valkyr_prime_blueprint,1,2.333,2.333,6.0,15.0,2025-09-09 00:00:00+00:00,BUY
valkyr_prime_set,pc,valkyr_prime_chassis_blueprint,1,33.333,33.333,51.333,18.0,2025-09-09 00:00:00+00:00,BUY
valkyr_prime_set,pc,valkyr_prime_neuroptics_blueprint,1,7.0,7.0,16.333,9.0,2025-09-09 00:00:00+00:00,BUY
valkyr_prime_set,pc,valkyr_prime_systems_blueprint,1,11.667,11.667,20.333,19.0,2025-09-09 00:00:00+00:00,BUY
vasto_prime_set,pc,vasto_prime_barrel,1,3.0,3.0,14.0,7.0,2025-09-09 00:00:00+00:00,BUY
vasto_prime_set,pc,vasto_prime_blueprint,1,5.0,5.0,7.667,11.0,2025-09-09 00:00:00+00:00,BUY
vasto_prime_set,pc,vasto_prime_receiver,1,6.0,6.0,8.333,10.0,2025-09-09 00:00:00+00:00,BUY
vauban_prime_set,pc,vauban_prime_blueprint,1,10.0,10.0,19.333,9.0,2025-09-09 00:00:00+00:00,BUY
vauban_prime_set,pc,vauban_prime_chassis_blueprint,1,15.0,15.0,25.0,11.0,2025-09-09 00:00:00+00:00,BUY
vauban_prime_set,pc,vauban_prime_neuroptics_blueprint,1,15.333,15.333,34.333,17.0,2025-09-09 00:00:00+00:00,BUY
vauban_prime_set,pc,vauban_prime_systems_blueprint,1,32.333,32.333,45.0,12.0,2025-09-09 00:00:00+00:00,BUY
vectis_prime_set,pc,vectis_prime_barrel,1,7.5,7.5,14.0,5.0,2025-09-09 00:00:00+00:00,BUY
vectis_prime_set,pc,vectis_prime_blueprint,1,5.667,,5.667,14.0,2025-09-09 00:00:00+00:00,SELL
vectis_prime_set,pc,vectis_prime_receiver,1,21.0,21.0,45.0,13.0,2025-09-09 00:00:00+00:00,BUY
vectis_prime_set,pc,vectis_prime_stock,1,9.333,9.333,25.0,4.0,2025-09-09 00:00:00+00:00,BUY
velox_prime_set,pc,velox_prime_barrel,1,6.333,6.333,6.667,17.0,2025-09-09 00:00:00+00:00,BUY
velox_prime_set,pc,velox_prime_blueprint,1,1.667,1.667,2.333,21.0,2025-09-09 00:00:00+00:00,BUY
velox_prime_set,pc,velox_prime_receiver,1,2.667,,2.667,9.0,2025-09-09 00:00:00+00:00,SELL
venato_prime_set,pc,venato_prime_blade,1,17.333,17.333,28.0,11.0,2025-09-09 00:00:00+00:00,BUY
venato_prime_set,pc,venato_prime_blueprint,1,2.0,2.0,4.667,26.0,2025-09-09 00:00:00+00:00,BUY
venato_prime_set,pc,venato_prime_handle,1,3.0,3.0,6.333,13.0,2025-09-09 00:00:00+00:00,BUY
venka_prime_set,pc,venka_prime_blades,2,3.333,3.333,7.333,10.0,2025-09-09 00:00:00+00:00,BUY
venka_prime_set,pc,venka_prime_blueprint,1,2.0,2.0,5.0,12.0,2025-09-09 00:00:00+00:00,BUY
venka_prime_set,pc,venka_prime_gauntlet,2,21.667,21.667,34.0,13.0,2025-09-09 00:00:00+00:00,BUY
volnus_prime_set,pc,volnus_prime_blueprint,1,4.667,,4.667,15.0,2025-09-09 00:00:00+00:00,SELL
volnus_prime_set,pc,volnus_prime_handle,1,7.333,7.333,20.0,9.0,2025-09-09 00:00:00+00:00,BUY
volnus_prime_set,pc,volnus_prime_head,1,2.0,2.0,5.0,9.0,2025-09-09 00:00:00+00:00,BUY
volt_prime_set,pc,volt_prime_blueprint,1,4.5,4.5,13.667,27.0,2025-09-09 00:00:00+00:00,BUY
volt_prime_set,pc,volt_prime_chassis_blueprint,1,2.5,2.5,11.0,12.0,2025-09-09 00:00:00+00:00,BUY
volt_prime_set,pc,volt_prime_neuroptics_blueprint,1,28.667,28.667,41.333,8.0,2025-09-09 00:00:00+00:00,BUY
volt_prime_set,pc,volt_prime_systems_blueprint,1,4.0,4.0,12.667,25.0,2025-09-09 00:00:00+00:00,BUY
wisp_prime_set,pc,wisp_prime_blueprint,1,24.0,24.0,29.667,18.0,2025-09-09 00:00:00+00:00,BUY
wisp_prime_set,pc,wisp_prime_chassis_blueprint,1,10.333,10.333,19.333,14.0,2025-09-09 00:00:00+00:00,BUY
wisp_prime_set,pc,wisp_prime_neuroptics_blueprint,1,1.5,1.5,3.0,31.0,2025-09-09 00:00:00+00:00,BUY
wisp_prime_set,pc,wisp_prime_systems_blueprint,1,1.0,1.0,3.667,28.0,2025-09-09 00:00:00+00:00,BUY
wukong_prime_set,pc,wukong_prime_blueprint,1,19.0,19.0,25.333,31.0,2025-09-09 00:00:00+00:00,BUY
wukong_prime_set,pc,wukong_prime_chassis_blueprint,1,5.5,5.5,9.667,21.0,2025-09-09 00:00:00+00:00,BUY
wukong_prime_set,pc,wukong_prime_neuroptics_blueprint,1,4.0,4.0,6.667,28.0,2025-09-09 00:00:00+00:00,BUY
wukong_prime_set,pc,wukong_prime_systems_blueprint,1,8.0,8.0,10.333,23.0,2025-09-09 00:00:00+00:00,BUY
wyrm_prime_set,pc,wyrm_prime_blueprint,1,11.0,11.0,11.667,10.0,2025-09-09 00:00:00+00:00,BUY
wyrm_prime_set,pc,wyrm_prime_carapace,1,10.0,10.0,19.0,10.0,2025-09-09 00:00:00+00:00,BUY
wyrm_prime_set,pc,wyrm_prime_cerebrum,1,5.5,5.5,19.0,13.0,2025-09-09 00:00:00+00:00,BUY
wyrm_prime_set,pc,wyrm_prime_systems,1,25.333,25.333,39.333,7.0,2025-09-09 00:00:00+00:00,BUY
xaku_prime_set,pc,xaku_prime_blueprint,1,7.0,7.0,16.667,14.0,2025-09-09 00:00:00+00:00,BUY
xaku_prime_set,pc,xaku_prime_chassis_blueprint,1,2.0,2.0,4.333,34.0,2025-09-09 00:00:00+00:00,BUY
xaku_prime_set,pc,xaku_prime_neuroptics_blueprint,1,1.0,,1.0,40.0,2025-09-09 00:00:00+00:00,SELL
xaku_prime_set,pc,xaku_prime_systems_blueprint,1,2.0,2.0,5.0,26.0,2025-09-09 00:00:00+00:00,BUY
yareli_prime_set,pc,yareli_prime_blueprint,1,2.0,2.0,4.0,38.0,2025-09-09 00:00:00+00:00,BUY
yareli_prime_set,pc,yareli_prime_chassis_blueprint,1,1.333,1.333,3.0,37.0,2025-09-09 00:00:00+00:00,BUY
yareli_prime_set,pc,yareli_prime_neuroptics_blueprint,1,6.667,6.667,10.667,18.0,2025-09-09 00:00:00+00:00,BUY
yareli_prime_set,pc,yareli_prime_systems_blueprint,1,13.0,13.0,21.333,19.0,2025-09-09 00:00:00+00:00,BUY
zakti_prime_set,pc,zakti_prime_barrel,1,1.0,1.0,4.667,11.0,2025-09-09 00:00:00+00:00,BUY
zakti_prime_set,pc,zakti_prime_blueprint,1,5.0,5.0,19.333,4.0,2025-09-09 00:00:00+00:00,BUY
zakti_prime_set,pc,zakti_prime_receiver,1,2.0,2.0,5.667,5.0,2025-09-09 00:00:00+00:00,BUY
zephyr_prime_set,pc,zephyr_prime_blueprint,1,8.0,8.0,9.667,15.0,2025-09-09 00:00:00+00:00,BUY
zephyr_prime_set,pc,zephyr_prime_chassis_blueprint,1,5.0,5.0,6.667,16.0,2025-09-09 00:00:00+00:00,BUY
zephyr_prime_set,pc,zephyr_prime_neuroptics_blueprint,1,4.0,4.0,4.667,22.0,2025-09-09 00:00:00+00:00,BUY
zephyr_prime_set,pc,zephyr_prime_systems_blueprint,1,16.5,16.5,24.667,17.0,2025-09-09 00:00:00+00:00,BUY
zhuge_prime_set,pc,zhuge_prime_barrel,1,7.0,7.0,13.333,10.0,2025-09-09 00:00:00+00:00,BUY
zhuge_prime_set,pc,zhuge_prime_blueprint,1,4.0,4.0,4.667,8.0,2025-09-09 00:00:00+00:00,BUY
zhuge_prime_set,pc,zhuge_prime_grip,1,2.0,2.0,5.333,10.0,2025-09-09 00:00:00+00:00,BUY
zhuge_prime_set,pc,zhuge_prime_receiver,1,3.0,3.0,4.667,15.0,2025-09-09 00:00:00+00:00,BUY
zhuge_prime_set,pc,zhuge_prime_string,1,5.0,5.0,8.667,4.0,2025-09-09 00:00:00+00:00,BUY
zylok_prime_set,pc,zylok_prime_barrel,1,1.5,1.5,6.0,7.0,2025-09-09 00:00:00+00:00,BUY
zylok_prime_set,pc,zylok_prime_blueprint,1,6.333,6.333,8.333,11.0,2025-09-09 00:00:00+00:00,BUY
zylok_prime_set,pc,zylok_prime_receiver,1,1.333,1.333,2.0,18.0,2025-09-09 00:00:00+00:00,BUY
